id,customer,city,product,amount,order_date
1,Rahul,Madurai,Tablet,6907,2024-02-01
2,Kaviya,Erode,Mouse,1155,2024-04-27
3,Nisha,Erode,Printer,35416,2024-02-10
4,Riya,Chennai,Tablet,45734,2024-03-18
5,Priya,Erode,Headset,1446,2024-11-19
6,Riya,Trichy,Tablet,26010,2024-09-09
7,Kaviya,Erode,Laptop,15355,2024-09-04
8,Nisha,Trichy,Mobile,35482,2024-07-06
9,Kaviya,Chennai,Mobile,14965,2024-01-04
10,Priya,Madurai,Headset,36755,2024-03-19
11,Riya,Erode,Laptop,39200,2024-05-21
12,Nisha,Chennai,Headset,39739,2024-12-24
13,Riya,Trichy,Headset,13752,2024-09-02
14,Riya,Trichy,Mobile,22320,2024-05-07
15,Nisha,Trichy,Headset,35760,2024-03-07
16,Riya,Madurai,Printer,24230,2024-07-15
17,Priya,Trichy,Headset,45237,2024-12-25
18,Kaviya,Trichy,Mouse,31695,2024-06-24
19,Arjun,Madurai,Tablet,21831,2024-12-07
20,Riya,Chennai,Printer,41720,2024-12-22
21,Riya,Madurai,Laptop,41457,2024-02-01
22,Priya,Erode,Mobile,22234,2024-03-22
23,Arjun,Madurai,Mobile,49551,2024-10-25
24,Priya,Erode,Headset,29782,2024-12-26
25,Nisha,Erode,Mobile,39027,2024-05-05
26,Priya,Chennai,Headset,21874,2024-06-21
27,Riya,Erode,Tablet,5983,2024-11-17
28,Kaviya,Erode,Mouse,47261,2024-01-17
29,Riya,Trichy,Mouse,5805,2024-03-22
30,Priya,Madurai,Tablet,3517,2024-03-25
31,Nisha,Erode,Mobile,14846,2024-08-09
32,Priya,Chennai,Printer,20534,2024-05-28
33,Riya,Madurai,Laptop,22018,2024-08-13
34,Rahul,Trichy,Tablet,17397,2024-04-11
35,Rahul,Trichy,Laptop,19139,2024-07-15
36,Arjun,Chennai,Headset,16460,2024-05-19
37,Riya,Chennai,Printer,16232,2024-01-10
38,Kaviya,Madurai,Headset,27283,2024-11-22
39,Priya,Chennai,Laptop,31947,2024-01-09
40,Priya,Erode,Tablet,15810,2024-07-01
41,Arjun,Chennai,Tablet,33374,2024-11-26
42,Priya,Trichy,Laptop,36842,2024-02-13
43,Priya,Trichy,Headset,48747,2024-11-07
44,Priya,Erode,Laptop,13834,2024-01-16
45,Priya,Erode,Mouse,20185,2024-05-12
46,Rahul,Erode,Mouse,29004,2024-07-02
47,Kaviya,Trichy,Mobile,7132,2024-10-02
48,Nisha,Erode,Headset,24835,2024-05-28
49,Priya,Trichy,Mouse,23664,2024-03-10
50,Arjun,Trichy,Mobile,21936,2024-05-28
51,Nisha,Madurai,Laptop,30942,2024-09-27
52,Priya,Chennai,Laptop,10973,2024-12-06
53,Riya,Erode,Mouse,30495,2024-08-12
54,Arjun,Chennai,Laptop,10212,2024-11-24
55,Rahul,Chennai,Laptop,39574,2024-05-07
56,Rahul,Trichy,Printer,41177,2024-03-28
57,Priya,Erode,Laptop,3974,2024-03-20
58,Priya,Trichy,Mouse,32706,2024-06-22
59,Riya,Erode,Mouse,20139,2024-04-26
60,Rahul,Madurai,Headset,44796,2024-01-09
61,Arjun,Chennai,Tablet,30809,2024-07-11
62,Arjun,Madurai,Mobile,24839,2024-08-26
63,Arjun,Chennai,Tablet,3297,2024-04-03
64,Riya,Trichy,Headset,38505,2024-07-21
65,Kaviya,Madurai,Headset,17030,2024-11-17
66,Kaviya,Erode,Headset,35721,2024-10-10
67,Priya,Trichy,Headset,1033,2024-03-18
68,Nisha,Chennai,Mobile,41922,2024-01-11
69,Rahul,Madurai,Laptop,8893,2024-07-17
70,Kaviya,Chennai,Laptop,32964,2024-07-03
71,Rahul,Trichy,Mouse,16708,2024-04-27
72,Kaviya,Erode,Mouse,39597,2024-11-21
73,Kaviya,Erode,Tablet,22468,2024-05-17
74,Riya,Erode,Tablet,40594,2024-09-10
75,Arjun,Erode,Mouse,3334,2024-08-17
76,Arjun,Trichy,Printer,48201,2024-05-21
77,Riya,Trichy,Headset,47074,2024-04-12
78,Arjun,Madurai,Laptop,14221,2024-07-07
79,Kaviya,Erode,Laptop,12030,2024-08-09
80,Riya,Madurai,Headset,17779,2024-01-22
81,Priya,Erode,Mobile,20290,2024-01-16
82,Kaviya,Madurai,Laptop,14993,2024-01-06
83,Riya,Chennai,Tablet,11783,2024-05-24
84,Nisha,Chennai,Printer,11510,2024-06-01
85,Nisha,Erode,Printer,13482,2024-01-06
86,Nisha,Trichy,Printer,27222,2024-01-22
87,Priya,Erode,Laptop,30824,2024-08-09
88,Riya,Madurai,Tablet,27451,2024-03-27
89,Priya,Trichy,Mobile,7699,2024-02-18
90,Priya,Madurai,Laptop,31817,2024-10-16
91,Arjun,Trichy,Printer,47538,2024-03-23
92,Priya,Erode,Headset,15072,2024-06-28
93,Kaviya,Erode,Mouse,8064,2024-04-19
94,Riya,Trichy,Mobile,10410,2024-10-01
95,Arjun,Chennai,Laptop,6545,2024-10-11
96,Riya,Madurai,Headset,49194,2024-07-04
97,Nisha,Trichy,Printer,4740,2024-11-20
98,Priya,Chennai,Headset,25128,2024-09-05
99,Arjun,Erode,Laptop,47981,2024-01-21
100,Arjun,Madurai,Headset,35799,2024-11-15
101,Priya,Trichy,Printer,4268,2024-04-07
102,Kaviya,Trichy,Mobile,22591,2024-02-25
103,Nisha,Chennai,Mobile,33075,2024-02-15
104,Arjun,Madurai,Mobile,28213,2024-06-25
105,Rahul,Madurai,Mouse,21485,2024-09-21
106,Priya,Trichy,Tablet,11224,2024-03-20
107,Kaviya,Madurai,Laptop,15000,2024-12-06
108,Priya,Chennai,Mouse,25184,2024-11-23
109,Arjun,Erode,Printer,10804,2024-03-18
110,Rahul,Madurai,Mouse,6856,2024-11-27
111,Priya,Erode,Printer,8041,2024-03-26
112,Nisha,Trichy,Headset,45770,2024-02-19
113,Riya,Trichy,Laptop,18985,2024-02-28
114,Riya,Trichy,Headset,32487,2024-02-19
115,Priya,Madurai,Laptop,49351,2024-09-17
116,Rahul,Trichy,Laptop,26605,2024-08-02
117,Nisha,Chennai,Tablet,25327,2024-07-09
118,Rahul,Madurai,Tablet,5302,2024-12-27
119,Rahul,Chennai,Printer,11017,2024-07-26
120,Arjun,Erode,Headset,13999,2024-10-17
121,Riya,Erode,Tablet,11737,2024-05-09
122,Kaviya,Chennai,Headset,45321,2024-08-02
123,Nisha,Trichy,Tablet,21263,2024-12-21
124,Rahul,Trichy,Laptop,49273,2024-05-03
125,Priya,Trichy,Laptop,44663,2024-10-03
126,Arjun,Madurai,Printer,21287,2024-02-16
127,Riya,Trichy,Mouse,7801,2024-03-16
128,Arjun,Chennai,Mobile,30918,2024-10-21
129,Arjun,Madurai,Laptop,25640,2024-07-15
130,Arjun,Trichy,Headset,30847,2024-04-28
131,Rahul,Trichy,Laptop,3908,2024-10-03
132,Priya,Erode,Laptop,25582,2024-03-28
133,Kaviya,Madurai,Headset,28848,2024-08-22
134,Priya,Madurai,Mouse,44574,2024-04-23
135,Kaviya,Erode,Mobile,34257,2024-12-12
136,Nisha,Chennai,Tablet,20309,2024-06-20
137,Arjun,Erode,Printer,33021,2024-11-15
138,Rahul,Erode,Mouse,5746,2024-11-17
139,Rahul,Chennai,Laptop,48427,2024-01-28
140,Rahul,Madurai,Tablet,48891,2024-12-20
141,Priya,Chennai,Printer,27241,2024-09-19
142,Riya,Erode,Mouse,31042,2024-12-15
143,Priya,Trichy,Headset,49852,2024-09-08
144,Kaviya,Chennai,Printer,46831,2024-07-22
145,Arjun,Madurai,Printer,10974,2024-01-16
146,Priya,Chennai,Laptop,17353,2024-09-03
147,Nisha,Madurai,Mouse,45473,2024-07-17
148,Kaviya,Trichy,Mobile,33373,2024-11-17
149,Rahul,Madurai,Laptop,26004,2024-06-16
150,Arjun,Erode,Laptop,17009,2024-03-11
151,Nisha,Madurai,Mouse,18567,2024-11-09
152,Nisha,Trichy,Mobile,6982,2024-03-08
153,Priya,Madurai,Mouse,27731,2024-09-04
154,Riya,Erode,Mobile,10441,2024-03-15
155,Rahul,Madurai,Printer,26591,2024-02-19
156,Riya,Chennai,Tablet,18896,2024-12-18
157,Rahul,Trichy,Headset,25137,2024-09-22
158,Nisha,Erode,Mobile,8098,2024-01-04
159,Priya,Madurai,Tablet,39559,2024-05-01
160,Arjun,Chennai,Mobile,48708,2024-07-14
161,Kaviya,Trichy,Headset,3151,2024-05-14
162,Priya,Madurai,Headset,33554,2024-04-01
163,Rahul,Chennai,Laptop,37201,2024-02-14
164,Priya,Trichy,Printer,25701,2024-06-02
165,Riya,Madurai,Mouse,15008,2024-12-02
166,Priya,Erode,Laptop,17690,2024-01-06
167,Riya,Erode,Headset,41767,2024-01-19
168,Priya,Madurai,Laptop,45387,2024-12-15
169,Riya,Chennai,Laptop,49504,2024-07-25
170,Arjun,Madurai,Printer,25564,2024-10-02
171,Arjun,Chennai,Laptop,30452,2024-04-05
172,Nisha,Trichy,Printer,23855,2024-10-24
173,Arjun,Trichy,Mobile,1783,2024-05-05
174,Rahul,Madurai,Mouse,12599,2024-03-25
175,Nisha,Erode,Mobile,29660,2024-02-25
176,Priya,Erode,Mouse,17293,2024-03-19
177,Nisha,Madurai,Headset,16481,2024-02-21
178,Arjun,Madurai,Laptop,48581,2024-07-22
179,Riya,Erode,Printer,2928,2024-11-10
180,Riya,Trichy,Tablet,24553,2024-10-05
181,Kaviya,Trichy,Tablet,9498,2024-08-06
182,Priya,Trichy,Headset,22604,2024-04-17
183,Riya,Trichy,Laptop,41573,2024-04-27
184,Arjun,Trichy,Mouse,3661,2024-02-04
185,Rahul,Trichy,Laptop,32092,2024-12-05
186,Priya,Madurai,Mouse,2077,2024-04-11
187,Priya,Trichy,Printer,28473,2024-03-18
188,Arjun,Trichy,Headset,38198,2024-05-20
189,Priya,Erode,Laptop,6674,2024-03-14
190,Nisha,Trichy,Tablet,20380,2024-08-16
191,Rahul,Erode,Printer,10693,2024-12-28
192,Riya,Trichy,Headset,23046,2024-04-05
193,Riya,Madurai,Tablet,7723,2024-01-21
194,Nisha,Madurai,Printer,30967,2024-06-17
195,Nisha,Chennai,Headset,31241,2024-07-18
196,Arjun,Madurai,Mobile,33257,2024-08-03
197,Arjun,Erode,Tablet,11024,2024-01-05
198,Kaviya,Madurai,Printer,47469,2024-03-09
199,Riya,Chennai,Laptop,35126,2024-11-21
200,Riya,Chennai,Laptop,48948,2024-07-21
201,Priya,Trichy,Printer,48760,2024-02-28
202,Rahul,Madurai,Headset,3837,2024-07-14
203,Nisha,Chennai,Headset,30022,2024-09-01
204,Riya,Trichy,Printer,16618,2024-12-12
205,Kaviya,Erode,Tablet,7030,2024-10-16
206,Kaviya,Chennai,Laptop,29644,2024-05-27
207,Rahul,Erode,Mobile,40991,2024-09-14
208,Riya,Trichy,Laptop,49235,2024-07-06
209,Priya,Chennai,Mobile,14490,2024-04-09
210,Riya,Chennai,Mobile,12614,2024-12-03
211,Nisha,Chennai,Printer,18039,2024-06-21
212,Arjun,Madurai,Printer,14341,2024-03-04
213,Rahul,Chennai,Mobile,8152,2024-01-17
214,Priya,Erode,Headset,17075,2024-05-26
215,Riya,Erode,Headset,10600,2024-11-15
216,Priya,Erode,Printer,5903,2024-03-02
217,Nisha,Chennai,Mobile,31008,2024-02-27
218,Arjun,Madurai,Mobile,36758,2024-01-05
219,Riya,Trichy,Headset,30158,2024-02-20
220,Priya,Chennai,Headset,24757,2024-08-14
221,Arjun,Trichy,Mouse,11450,2024-10-10
222,Rahul,Trichy,Headset,35573,2024-09-20
223,Nisha,Trichy,Headset,14238,2024-10-20
224,Priya,Erode,Headset,15769,2024-03-28
225,Kaviya,Madurai,Tablet,17116,2024-11-17
226,Priya,Madurai,Printer,49298,2024-10-19
227,Riya,Madurai,Mobile,43261,2024-02-09
228,Kaviya,Chennai,Mobile,10924,2024-10-01
229,Arjun,Chennai,Laptop,47520,2024-12-03
230,Kaviya,Madurai,Headset,31164,2024-01-16
231,Rahul,Madurai,Printer,18579,2024-09-21
232,Rahul,Chennai,Tablet,3680,2024-08-22
233,Kaviya,Erode,Tablet,28917,2024-07-24
234,Priya,Madurai,Mouse,24980,2024-11-23
235,Rahul,Trichy,Laptop,6530,2024-09-04
236,Nisha,Trichy,Mobile,40571,2024-12-09
237,Priya,Erode,Laptop,48288,2024-06-06
238,Kaviya,Chennai,Mobile,4788,2024-02-04
239,Kaviya,Trichy,Mouse,19241,2024-12-28
240,Kaviya,Erode,Mobile,39930,2024-02-14
241,Riya,Chennai,Mobile,48306,2024-03-15
242,Nisha,Erode,Tablet,12370,2024-03-08
243,Priya,Erode,Mouse,18691,2024-04-10
244,Kaviya,Madurai,Tablet,40904,2024-03-19
245,Riya,Chennai,Headset,25996,2024-01-06
246,Nisha,Madurai,Laptop,32653,2024-06-05
247,Arjun,Madurai,Headset,6305,2024-04-20
248,Priya,Erode,Mobile,32423,2024-12-08
249,Kaviya,Erode,Headset,6656,2024-04-04
250,Rahul,Chennai,Mobile,41404,2024-03-24
251,Arjun,Madurai,Mouse,18233,2024-12-22
252,Arjun,Trichy,Headset,36930,2024-12-22
253,Riya,Chennai,Mouse,41119,2024-09-23
254,Riya,Erode,Mobile,47503,2024-02-19
255,Riya,Chennai,Printer,18744,2024-08-27
256,Rahul,Madurai,Headset,7508,2024-04-15
257,Priya,Erode,Printer,42902,2024-07-23
258,Arjun,Erode,Mouse,35272,2024-06-14
259,Kaviya,Trichy,Mobile,38116,2024-03-25
260,Priya,Chennai,Printer,16690,2024-04-02
261,Nisha,Madurai,Printer,38016,2024-02-01
262,Priya,Erode,Printer,11997,2024-02-18
263,Nisha,Madurai,Mouse,5785,2024-03-20
264,Kaviya,Madurai,Laptop,13555,2024-03-18
265,Rahul,Trichy,Mobile,42212,2024-02-26
266,Arjun,Trichy,Mobile,1721,2024-05-03
267,Arjun,Chennai,Printer,11937,2024-07-09
268,Riya,Chennai,Headset,47840,2024-08-02
269,Nisha,Erode,Mobile,6212,2024-01-23
270,Arjun,Trichy,Tablet,25286,2024-05-18
271,Arjun,Trichy,Laptop,20114,2024-04-05
272,Kaviya,Madurai,Mouse,6469,2024-11-14
273,Kaviya,Erode,Mobile,23034,2024-02-14
274,Riya,Chennai,Tablet,43019,2024-11-12
275,Riya,Chennai,Printer,19991,2024-02-15
276,Nisha,Erode,Laptop,28013,2024-03-16
277,Riya,Chennai,Mobile,1107,2024-01-06
278,Kaviya,Chennai,Tablet,22336,2024-02-02
279,Rahul,Chennai,Headset,30423,2024-05-04
280,Arjun,Erode,Tablet,1093,2024-02-28
281,Riya,Trichy,Mobile,45490,2024-05-03
282,Riya,Madurai,Headset,28576,2024-02-01
283,Priya,Trichy,Tablet,14291,2024-03-02
284,Priya,Erode,Tablet,39864,2024-05-18
285,Nisha,Erode,Headset,22599,2024-12-03
286,Kaviya,Erode,Tablet,48609,2024-05-25
287,Nisha,Chennai,Tablet,5528,2024-02-24
288,Rahul,Erode,Mobile,28633,2024-06-15
289,Nisha,Madurai,Mobile,36902,2024-04-09
290,Riya,Chennai,Printer,4935,2024-04-14
291,Kaviya,Erode,Headset,6539,2024-03-25
292,Arjun,Chennai,Tablet,32469,2024-12-23
293,Nisha,Madurai,Mobile,30619,2024-06-27
294,Kaviya,Chennai,Headset,5675,2024-05-04
295,Arjun,Madurai,Mouse,42783,2024-06-02
296,Riya,Erode,Printer,32020,2024-05-28
297,Kaviya,Trichy,Printer,25553,2024-08-19
298,Rahul,Chennai,Mouse,14493,2024-06-09
299,Riya,Erode,Headset,19430,2024-10-24
300,Nisha,Madurai,Printer,27070,2024-06-28
301,Kaviya,Trichy,Tablet,46936,2024-10-11
302,Nisha,Erode,Headset,45954,2024-04-14
303,Riya,Chennai,Mobile,22389,2024-06-07
304,Kaviya,Chennai,Headset,43935,2024-01-01
305,Priya,Erode,Headset,34431,2024-03-11
306,Priya,Erode,Mouse,11847,2024-11-22
307,Arjun,Chennai,Mouse,41549,2024-09-14
308,Rahul,Madurai,Laptop,26309,2024-02-17
309,Arjun,Chennai,Tablet,18943,2024-07-06
310,Priya,Madurai,Mobile,35273,2024-12-25
311,Kaviya,Madurai,Headset,41503,2024-06-11
312,Riya,Erode,Mobile,31512,2024-10-10
313,Priya,Trichy,Tablet,27597,2024-10-25
314,Kaviya,Trichy,Mobile,31398,2024-05-17
315,Arjun,Madurai,Mouse,19203,2024-01-17
316,Kaviya,Chennai,Tablet,49471,2024-01-21
317,Kaviya,Trichy,Laptop,14794,2024-05-20
318,Priya,Trichy,Printer,1088,2024-09-14
319,Kaviya,Erode,Mouse,32230,2024-10-10
320,Rahul,Erode,Laptop,5800,2024-10-21
321,Priya,Chennai,Laptop,37386,2024-06-15
322,Arjun,Madurai,Laptop,37057,2024-02-16
323,Priya,Erode,Mobile,15560,2024-05-22
324,Nisha,Trichy,Tablet,23987,2024-06-23
325,Priya,Madurai,Headset,29527,2024-09-08
326,Priya,Erode,Tablet,5204,2024-08-23
327,Riya,Chennai,Printer,30330,2024-10-06
328,Riya,Trichy,Laptop,48094,2024-10-08
329,Nisha,Madurai,Mouse,42988,2024-11-18
330,Arjun,Chennai,Mouse,49299,2024-12-23
331,Priya,Madurai,Printer,1420,2024-12-04
332,Kaviya,Erode,Laptop,49530,2024-01-02
333,Rahul,Chennai,Headset,9188,2024-03-15
334,Rahul,Trichy,Mouse,48965,2024-10-13
335,Riya,Trichy,Mouse,22062,2024-08-12
336,Kaviya,Chennai,Mouse,28104,2024-06-03
337,Kaviya,Madurai,Mobile,38145,2024-07-24
338,Arjun,Trichy,Laptop,11231,2024-02-26
339,Rahul,Trichy,Printer,14316,2024-03-04
340,Arjun,Chennai,Mouse,15705,2024-08-14
341,Riya,Chennai,Laptop,49431,2024-04-06
342,Nisha,Chennai,Mobile,26596,2024-09-22
343,Nisha,Erode,Laptop,10705,2024-12-17
344,Riya,Chennai,Laptop,43014,2024-12-19
345,Rahul,Madurai,Headset,49421,2024-10-20
346,Nisha,Erode,Mouse,44535,2024-08-14
347,Arjun,Madurai,Tablet,17778,2024-06-09
348,Arjun,Madurai,Headset,43960,2024-10-12
349,Rahul,Chennai,Mouse,8403,2024-06-22
350,Kaviya,Trichy,Tablet,29549,2024-01-06
351,Arjun,Chennai,Headset,19532,2024-11-07
352,Arjun,Erode,Mouse,15021,2024-12-25
353,Nisha,Chennai,Laptop,43015,2024-12-13
354,Rahul,Erode,Headset,32221,2024-10-21
355,Kaviya,Madurai,Printer,22130,2024-07-11
356,Riya,Erode,Mouse,45332,2024-05-15
357,Riya,Chennai,Tablet,47007,2024-10-28
358,Kaviya,Trichy,Laptop,44150,2024-03-09
359,Priya,Madurai,Printer,44453,2024-11-24
360,Priya,Chennai,Printer,31339,2024-05-25
361,Priya,Erode,Headset,12550,2024-03-20
362,Arjun,Trichy,Tablet,29555,2024-11-01
363,Riya,Madurai,Headset,14389,2024-07-13
364,Rahul,Trichy,Mouse,31508,2024-09-23
365,Arjun,Erode,Tablet,18210,2024-01-17
366,Rahul,Chennai,Printer,27271,2024-03-14
367,Kaviya,Madurai,Mouse,36668,2024-02-26
368,Riya,Chennai,Mobile,12725,2024-03-25
369,Priya,Madurai,Headset,41394,2024-11-21
370,Arjun,Trichy,Headset,15140,2024-10-22
371,Riya,Chennai,Mouse,11166,2024-06-07
372,Riya,Erode,Headset,8946,2024-11-18
373,Rahul,Madurai,Tablet,49434,2024-06-09
374,Arjun,Trichy,Tablet,35685,2024-06-09
375,Riya,Erode,Mouse,21084,2024-06-24
376,Rahul,Trichy,Laptop,44674,2024-03-11
377,Kaviya,Trichy,Mouse,9516,2024-12-06
378,Kaviya,Madurai,Tablet,45080,2024-02-11
379,Priya,Chennai,Mouse,31147,2024-02-12
380,Riya,Madurai,Tablet,6294,2024-02-04
381,Rahul,Madurai,Mouse,22295,2024-12-05
382,Nisha,Chennai,Mouse,16215,2024-12-26
383,Priya,Erode,Laptop,7172,2024-07-10
384,Arjun,Chennai,Headset,30614,2024-12-16
385,Rahul,Trichy,Mouse,31198,2024-05-23
386,Kaviya,Madurai,Mouse,1371,2024-11-23
387,Kaviya,Madurai,Mouse,32959,2024-05-15
388,Arjun,Erode,Printer,8286,2024-08-15
389,Rahul,Madurai,Mouse,45196,2024-06-20
390,Kaviya,Trichy,Laptop,22116,2024-05-15
391,Riya,Trichy,Headset,24753,2024-10-11
392,Rahul,Madurai,Mouse,38140,2024-01-11
393,Riya,Madurai,Laptop,36253,2024-05-19
394,Riya,Madurai,Laptop,28463,2024-09-11
395,Kaviya,Trichy,Laptop,34356,2024-12-07
396,Nisha,Chennai,Printer,46805,2024-10-18
397,Arjun,Chennai,Tablet,42648,2024-01-23
398,Riya,Erode,Mouse,28733,2024-02-12
399,Nisha,Madurai,Headset,36038,2024-07-02
400,Nisha,Madurai,Tablet,1824,2024-02-24
401,Nisha,Erode,Mobile,9717,2024-01-20
402,Kaviya,Trichy,Mouse,34234,2024-02-14
403,Priya,Chennai,Printer,15236,2024-07-03
404,Kaviya,Trichy,Headset,16074,2024-09-25
405,Arjun,Madurai,Mouse,43858,2024-02-18
406,Kaviya,Erode,Printer,10841,2024-09-10
407,Arjun,Chennai,Headset,5098,2024-10-24
408,Rahul,Erode,Mouse,27035,2024-02-14
409,Priya,Madurai,Tablet,43095,2024-10-09
410,Priya,Chennai,Printer,5676,2024-01-07
411,Nisha,Trichy,Mobile,18680,2024-05-24
412,Arjun,Erode,Headset,39367,2024-06-20
413,Nisha,Madurai,Tablet,46318,2024-07-05
414,Kaviya,Erode,Mobile,27365,2024-11-21
415,Nisha,Chennai,Printer,22671,2024-10-02
416,Nisha,Chennai,Headset,26928,2024-03-13
417,Nisha,Madurai,Printer,10257,2024-03-02
418,Priya,Chennai,Headset,34834,2024-05-15
419,Priya,Chennai,Tablet,41411,2024-07-15
420,Rahul,Erode,Mouse,10356,2024-07-09
421,Rahul,Trichy,Headset,34325,2024-05-23
422,Riya,Erode,Headset,3253,2024-01-26
423,Arjun,Madurai,Mouse,1887,2024-09-24
424,Riya,Chennai,Tablet,30965,2024-10-17
425,Priya,Madurai,Printer,40415,2024-05-24
426,Kaviya,Trichy,Mouse,36409,2024-07-03
427,Nisha,Chennai,Printer,4651,2024-12-19
428,Arjun,Madurai,Mobile,45091,2024-01-16
429,Riya,Chennai,Mouse,31434,2024-07-08
430,Priya,Trichy,Mouse,37512,2024-11-20
431,Kaviya,Madurai,Tablet,10673,2024-09-17
432,Nisha,Trichy,Headset,40327,2024-02-27
433,Priya,Erode,Mouse,48756,2024-09-14
434,Nisha,Madurai,Mouse,16219,2024-02-10
435,Nisha,Erode,Printer,28645,2024-10-14
436,Nisha,Chennai,Tablet,9515,2024-09-25
437,Rahul,Trichy,Mouse,8141,2024-08-04
438,Arjun,Madurai,Mouse,24159,2024-12-06
439,Riya,Chennai,Tablet,42910,2024-07-24
440,Riya,Trichy,Printer,25915,2024-09-03
441,Arjun,Madurai,Laptop,12908,2024-04-20
442,Priya,Madurai,Tablet,38038,2024-12-17
443,Riya,Trichy,Mouse,2657,2024-08-15
444,Arjun,Trichy,Tablet,42544,2024-11-03
445,Priya,Trichy,Mobile,20176,2024-03-17
446,Priya,Trichy,Mobile,6411,2024-07-23
447,Kaviya,Erode,Laptop,24817,2024-11-07
448,Kaviya,Erode,Tablet,41300,2024-10-09
449,Arjun,Madurai,Headset,26678,2024-02-15
450,Riya,Madurai,Laptop,31674,2024-04-28
451,Priya,Chennai,Mobile,47783,2024-04-10
452,Nisha,Madurai,Mouse,26930,2024-06-19
453,Priya,Chennai,Laptop,16245,2024-04-22
454,Riya,Trichy,Mobile,12329,2024-09-01
455,Priya,Erode,Mobile,36846,2024-02-03
456,Riya,Madurai,Mobile,28396,2024-08-17
457,Arjun,Trichy,Mobile,4439,2024-05-01
458,Kaviya,Madurai,Laptop,48614,2024-04-25
459,Kaviya,Erode,Tablet,16138,2024-09-28
460,Nisha,Trichy,Mobile,30073,2024-09-09
461,Kaviya,Erode,Mobile,19559,2024-09-16
462,Riya,Trichy,Mouse,6174,2024-12-19
463,Nisha,Chennai,Mobile,45438,2024-07-28
464,Arjun,Trichy,Printer,4970,2024-09-24
465,Priya,Chennai,Mobile,28664,2024-02-02
466,Rahul,Madurai,Laptop,12228,2024-03-24
467,Kaviya,Chennai,Printer,10755,2024-02-06
468,Arjun,Chennai,Mouse,2181,2024-04-26
469,Kaviya,Erode,Mobile,25137,2024-07-05
470,Kaviya,Erode,Headset,36476,2024-11-10
471,Rahul,Trichy,Tablet,49462,2024-01-28
472,Nisha,Trichy,Headset,15129,2024-04-28
473,Kaviya,Madurai,Printer,16893,2024-04-10
474,Kaviya,Chennai,Mouse,45807,2024-09-26
475,Rahul,Madurai,Tablet,21638,2024-06-14
476,Riya,Erode,Mobile,30866,2024-02-23
477,Kaviya,Trichy,Headset,26503,2024-05-02
478,Arjun,Trichy,Laptop,45056,2024-04-13
479,Riya,Erode,Mouse,10370,2024-03-01
480,Nisha,Trichy,Tablet,13737,2024-11-18
481,Rahul,Trichy,Printer,13177,2024-10-09
482,Priya,Chennai,Tablet,28696,2024-05-14
483,Kaviya,Trichy,Printer,17122,2024-10-02
484,Arjun,Erode,Printer,33774,2024-08-24
485,Kaviya,Trichy,Headset,33769,2024-04-22
486,Nisha,Erode,Headset,40641,2024-09-16
487,Riya,Madurai,Mouse,23760,2024-07-14
488,Rahul,Erode,Tablet,8655,2024-12-15
489,Nisha,Trichy,Printer,22924,2024-01-02
490,Riya,Trichy,Printer,45217,2024-10-10
491,Priya,Erode,Mobile,48982,2024-11-11
492,Nisha,Trichy,Tablet,37520,2024-07-23
493,Kaviya,Madurai,Mobile,1201,2024-03-11
494,Arjun,Erode,Headset,39418,2024-08-15
495,Riya,Trichy,Laptop,40685,2024-06-13
496,Nisha,Madurai,Tablet,29013,2024-08-14
497,Kaviya,Madurai,Headset,10493,2024-01-01
498,Kaviya,Chennai,Laptop,9877,2024-01-19
499,Riya,Madurai,Mouse,16348,2024-09-05
500,Arjun,Chennai,Mouse,19011,2024-11-22
501,Nisha,Chennai,Mobile,25894,2024-01-14
502,Priya,Erode,Laptop,46550,2024-07-13
503,Kaviya,Trichy,Laptop,5894,2024-06-08
504,Kaviya,Erode,Laptop,16672,2024-06-25
505,Nisha,Erode,Mouse,30962,2024-02-10
506,Kaviya,Erode,Laptop,28748,2024-02-15
507,Priya,Erode,Tablet,46023,2024-09-28
508,Kaviya,Chennai,Headset,47400,2024-12-27
509,Priya,Trichy,Mobile,31345,2024-09-19
510,Kaviya,Chennai,Laptop,42934,2024-01-17
511,Arjun,Trichy,Mobile,1180,2024-05-14
512,Riya,Trichy,Mobile,1633,2024-10-09
513,Arjun,Trichy,Printer,43416,2024-09-10
514,Nisha,Erode,Mobile,43041,2024-03-22
515,Riya,Erode,Laptop,47261,2024-07-18
516,Priya,Madurai,Mouse,3520,2024-06-24
517,Kaviya,Trichy,Laptop,48185,2024-08-13
518,Nisha,Trichy,Laptop,44200,2024-07-02
519,Nisha,Trichy,Mouse,44240,2024-06-24
520,Riya,Chennai,Printer,36935,2024-03-14
521,Arjun,Trichy,Headset,38008,2024-04-24
522,Riya,Trichy,Tablet,7160,2024-09-08
523,Riya,Trichy,Mobile,44308,2024-03-03
524,Rahul,Madurai,Printer,4764,2024-09-22
525,Riya,Trichy,Laptop,5918,2024-12-27
526,Riya,Madurai,Printer,29094,2024-01-18
527,Kaviya,Trichy,Laptop,18714,2024-05-09
528,Priya,Trichy,Laptop,29898,2024-11-28
529,Arjun,Erode,Tablet,42075,2024-02-18
530,Kaviya,Erode,Laptop,38188,2024-10-08
531,Arjun,Erode,Headset,35591,2024-04-23
532,Riya,Trichy,Tablet,2765,2024-06-03
533,Riya,Erode,Laptop,31021,2024-01-15
534,Rahul,Erode,Mouse,24501,2024-07-07
535,Arjun,Chennai,Headset,25977,2024-06-16
536,Riya,Trichy,Laptop,6204,2024-11-04
537,Riya,Erode,Mobile,35799,2024-01-08
538,Nisha,Chennai,Headset,42493,2024-03-12
539,Arjun,Trichy,Mobile,28870,2024-10-08
540,Rahul,Chennai,Tablet,4932,2024-10-12
541,Riya,Trichy,Printer,16333,2024-04-26
542,Rahul,Trichy,Printer,36120,2024-01-04
543,Arjun,Madurai,Mouse,47671,2024-05-27
544,Priya,Trichy,Headset,26210,2024-12-07
545,Riya,Erode,Mobile,11735,2024-12-19
546,Nisha,Chennai,Mobile,5759,2024-06-12
547,Priya,Trichy,Laptop,36202,2024-02-09
548,Riya,Erode,Tablet,8745,2024-11-11
549,Nisha,Chennai,Laptop,32789,2024-10-27
550,Nisha,Madurai,Mouse,46148,2024-02-09
551,Arjun,Trichy,Laptop,13361,2024-11-12
552,Priya,Madurai,Headset,43879,2024-08-03
553,Rahul,Erode,Laptop,41519,2024-06-03
554,Riya,Chennai,Headset,13508,2024-09-18
555,Riya,Madurai,Mobile,8809,2024-12-27
556,Kaviya,Madurai,Mobile,42826,2024-12-14
557,Nisha,Madurai,Mouse,23270,2024-03-27
558,Riya,Madurai,Tablet,28297,2024-06-21
559,Priya,Trichy,Headset,2834,2024-08-08
560,Kaviya,Trichy,Headset,9530,2024-12-05
561,Arjun,Trichy,Tablet,37437,2024-02-07
562,Priya,Chennai,Headset,5286,2024-07-07
563,Arjun,Madurai,Laptop,19188,2024-09-15
564,Riya,Madurai,Printer,49630,2024-10-17
565,Riya,Chennai,Mouse,27195,2024-02-25
566,Kaviya,Trichy,Mobile,37585,2024-02-06
567,Rahul,Erode,Mouse,23041,2024-10-22
568,Rahul,Trichy,Headset,45276,2024-06-12
569,Rahul,Trichy,Headset,49740,2024-06-23
570,Kaviya,Madurai,Mouse,20346,2024-09-08
571,Kaviya,Erode,Laptop,26072,2024-08-09
572,Priya,Erode,Headset,18664,2024-01-18
573,Rahul,Chennai,Mouse,46388,2024-11-06
574,Kaviya,Trichy,Headset,8057,2024-07-01
575,Arjun,Trichy,Mobile,6834,2024-03-26
576,Nisha,Trichy,Laptop,39090,2024-11-27
577,Arjun,Madurai,Tablet,43854,2024-01-21
578,Riya,Trichy,Mobile,45085,2024-07-28
579,Rahul,Erode,Mouse,7034,2024-11-11
580,Priya,Trichy,Mobile,33353,2024-02-07
581,Rahul,Erode,Mouse,7066,2024-09-03
582,Arjun,Chennai,Mobile,10826,2024-03-05
583,Rahul,Trichy,Laptop,32372,2024-11-09
584,Rahul,Erode,Headset,14536,2024-10-20
585,Priya,Chennai,Mouse,6023,2024-03-04
586,Priya,Erode,Mobile,47348,2024-08-26
587,Rahul,Erode,Headset,46923,2024-09-26
588,Nisha,Trichy,Mouse,28430,2024-05-06
589,Kaviya,Erode,Laptop,15153,2024-05-22
590,Kaviya,Erode,Mouse,33841,2024-11-08
591,Nisha,Chennai,Mouse,7568,2024-02-12
592,Arjun,Erode,Mouse,35853,2024-10-04
593,Riya,Erode,Laptop,48942,2024-03-11
594,Arjun,Erode,Headset,5272,2024-03-14
595,Priya,Chennai,Mobile,14583,2024-11-22
596,Rahul,Trichy,Printer,49863,2024-01-20
597,Rahul,Trichy,Mobile,6011,2024-07-16
598,Priya,Chennai,Mouse,32932,2024-09-06
599,Rahul,Madurai,Mobile,35469,2024-09-21
600,Arjun,Chennai,Mouse,35431,2024-03-14
601,Arjun,Erode,Mouse,41918,2024-02-22
602,Riya,Trichy,Mouse,46530,2024-04-20
603,Nisha,Erode,Laptop,32374,2024-08-07
604,Arjun,Madurai,Mouse,32459,2024-02-09
605,Priya,Erode,Printer,36875,2024-05-18
606,Rahul,Chennai,Tablet,26264,2024-03-22
607,Nisha,Madurai,Printer,19160,2024-11-28
608,Nisha,Erode,Mouse,19073,2024-02-19
609,Kaviya,Trichy,Laptop,12901,2024-11-07
610,Kaviya,Chennai,Tablet,4912,2024-09-01
611,Riya,Erode,Laptop,5493,2024-05-20
612,Arjun,Erode,Laptop,42572,2024-10-28
613,Kaviya,Erode,Tablet,29508,2024-10-25
614,Nisha,Trichy,Tablet,37642,2024-07-03
615,Rahul,Madurai,Mobile,47549,2024-06-19
616,Arjun,Erode,Mobile,34927,2024-11-11
617,Nisha,Madurai,Laptop,8710,2024-09-08
618,Nisha,Erode,Mouse,30422,2024-06-20
619,Arjun,Trichy,Mobile,26462,2024-08-23
620,Rahul,Chennai,Tablet,31007,2024-10-04
621,Riya,Chennai,Headset,44620,2024-06-27
622,Kaviya,Madurai,Mouse,14802,2024-11-15
623,Nisha,Chennai,Printer,41498,2024-10-24
624,Arjun,Erode,Mouse,9106,2024-10-22
625,Arjun,Chennai,Printer,17698,2024-07-27
626,Rahul,Trichy,Mobile,44662,2024-05-05
627,Arjun,Madurai,Tablet,38365,2024-05-27
628,Priya,Chennai,Printer,39528,2024-05-07
629,Riya,Madurai,Printer,11957,2024-08-05
630,Kaviya,Madurai,Mouse,49867,2024-01-10
631,Arjun,Trichy,Laptop,15535,2024-12-02
632,Priya,Trichy,Printer,38882,2024-04-20
633,Priya,Madurai,Mouse,21714,2024-03-07
634,Nisha,Chennai,Tablet,36811,2024-10-26
635,Nisha,Madurai,Tablet,6374,2024-01-02
636,Nisha,Chennai,Headset,45808,2024-08-22
637,Priya,Chennai,Headset,12867,2024-01-01
638,Nisha,Madurai,Tablet,42532,2024-04-21
639,Arjun,Chennai,Tablet,17427,2024-06-27
640,Kaviya,Madurai,Laptop,35662,2024-04-19
641,Nisha,Erode,Mobile,40351,2024-04-15
642,Nisha,Madurai,Mouse,46411,2024-12-11
643,Kaviya,Trichy,Laptop,23677,2024-01-22
644,Arjun,Madurai,Printer,27957,2024-09-03
645,Riya,Erode,Mouse,40016,2024-01-15
646,Kaviya,Chennai,Headset,19616,2024-04-20
647,Arjun,Madurai,Mouse,40106,2024-11-28
648,Kaviya,Madurai,Headset,2656,2024-10-08
649,Arjun,Chennai,Tablet,28755,2024-08-07
650,Rahul,Trichy,Mouse,19655,2024-03-09
651,Rahul,Madurai,Tablet,21253,2024-01-02
652,Priya,Trichy,Laptop,18137,2024-08-21
653,Nisha,Chennai,Mouse,24989,2024-07-27
654,Kaviya,Trichy,Laptop,33137,2024-03-03
655,Nisha,Madurai,Mobile,34849,2024-10-17
656,Priya,Trichy,Mobile,49053,2024-10-24
657,Nisha,Madurai,Printer,28571,2024-01-27
658,Nisha,Trichy,Mouse,20285,2024-01-28
659,Priya,Erode,Printer,25453,2024-02-23
660,Nisha,Trichy,Printer,49998,2024-07-25
661,Riya,Erode,Mouse,40233,2024-05-27
662,Kaviya,Erode,Mobile,48577,2024-08-19
663,Riya,Trichy,Headset,20294,2024-02-06
664,Nisha,Trichy,Tablet,39714,2024-12-05
665,Rahul,Madurai,Printer,24481,2024-12-06
666,Kaviya,Madurai,Tablet,46370,2024-06-23
667,Kaviya,Chennai,Printer,46616,2024-12-16
668,Kaviya,Chennai,Tablet,43002,2024-05-04
669,Kaviya,Erode,Headset,48703,2024-08-19
670,Riya,Trichy,Mouse,6908,2024-05-12
671,Rahul,Trichy,Laptop,38901,2024-03-16
672,Kaviya,Trichy,Headset,44150,2024-05-16
673,Priya,Madurai,Tablet,33600,2024-02-16
674,Riya,Chennai,Laptop,7796,2024-05-28
675,Rahul,Chennai,Headset,28032,2024-03-13
676,Priya,Trichy,Tablet,3424,2024-09-15
677,Nisha,Erode,Mobile,19444,2024-04-06
678,Rahul,Erode,Printer,25637,2024-04-03
679,Nisha,Trichy,Mobile,30673,2024-10-04
680,Kaviya,Erode,Mouse,28558,2024-03-28
681,Riya,Chennai,Tablet,15678,2024-11-11
682,Kaviya,Trichy,Laptop,24696,2024-02-19
683,Kaviya,Trichy,Printer,4066,2024-02-06
684,Riya,Trichy,Mobile,4345,2024-12-10
685,Rahul,Trichy,Tablet,24254,2024-11-05
686,Arjun,Erode,Tablet,13425,2024-12-26
687,Rahul,Erode,Mouse,16300,2024-09-01
688,Kaviya,Madurai,Mobile,14423,2024-08-28
689,Nisha,Chennai,Mouse,30155,2024-01-07
690,Priya,Erode,Tablet,1358,2024-12-06
691,Arjun,Chennai,Tablet,13290,2024-12-20
692,Arjun,Erode,Printer,23478,2024-07-25
693,Arjun,Madurai,Tablet,34372,2024-12-18
694,Kaviya,Trichy,Mouse,21258,2024-01-21
695,Rahul,Madurai,Tablet,29142,2024-08-24
696,Riya,Chennai,Tablet,17574,2024-08-13
697,Arjun,Madurai,Headset,47897,2024-02-21
698,Rahul,Madurai,Printer,4258,2024-12-18
699,Riya,Trichy,Laptop,26856,2024-10-07
700,Nisha,Madurai,Printer,17851,2024-11-24
701,Kaviya,Madurai,Mobile,38218,2024-10-04
702,Nisha,Madurai,Printer,39879,2024-05-01
703,Priya,Trichy,Mobile,41207,2024-10-20
704,Rahul,Madurai,Headset,26224,2024-01-03
705,Arjun,Chennai,Laptop,17865,2024-04-15
706,Nisha,Madurai,Mouse,1174,2024-02-15
707,Priya,Madurai,Mouse,44754,2024-04-22
708,Riya,Erode,Tablet,3871,2024-09-09
709,Arjun,Madurai,Laptop,5435,2024-11-22
710,Arjun,Madurai,Mobile,39008,2024-06-02
711,Kaviya,Trichy,Laptop,48036,2024-02-11
712,Priya,Trichy,Mouse,30303,2024-03-20
713,Priya,Chennai,Tablet,3736,2024-02-19
714,Nisha,Chennai,Mouse,21167,2024-06-21
715,Kaviya,Trichy,Mobile,33471,2024-10-16
716,Priya,Trichy,Headset,49966,2024-02-26
717,Priya,Erode,Headset,46246,2024-05-04
718,Kaviya,Madurai,Printer,17001,2024-06-24
719,Priya,Chennai,Tablet,37077,2024-12-03
720,Riya,Erode,Printer,41113,2024-06-16
721,Nisha,Chennai,Mouse,9455,2024-06-05
722,Kaviya,Madurai,Mouse,34082,2024-08-21
723,Kaviya,Erode,Headset,41585,2024-12-18
724,Arjun,Chennai,Printer,37301,2024-04-08
725,Rahul,Madurai,Laptop,7870,2024-12-15
726,Rahul,Madurai,Headset,22061,2024-11-05
727,Riya,Erode,Tablet,32974,2024-05-15
728,Priya,Trichy,Laptop,12416,2024-11-09
729,Riya,Trichy,Printer,38133,2024-08-22
730,Priya,Erode,Headset,30018,2024-07-20
731,Priya,Madurai,Mobile,17325,2024-06-22
732,Arjun,Trichy,Headset,46309,2024-08-27
733,Rahul,Chennai,Laptop,28177,2024-05-25
734,Priya,Chennai,Laptop,42103,2024-07-07
735,Arjun,Trichy,Headset,15818,2024-05-07
736,Nisha,Chennai,Mouse,45445,2024-02-05
737,Priya,Trichy,Tablet,7607,2024-11-09
738,Arjun,Trichy,Mouse,37311,2024-11-12
739,Arjun,Madurai,Headset,1245,2024-05-22
740,Priya,Madurai,Printer,1236,2024-02-12
741,Priya,Erode,Printer,3499,2024-08-22
742,Riya,Chennai,Tablet,39410,2024-01-16
743,Arjun,Chennai,Mobile,18854,2024-12-08
744,Priya,Chennai,Mouse,2917,2024-05-19
745,Nisha,Chennai,Mobile,44359,2024-12-18
746,Riya,Trichy,Printer,42371,2024-01-09
747,Arjun,Erode,Laptop,35364,2024-12-22
748,Nisha,Chennai,Laptop,27169,2024-06-21
749,Kaviya,Chennai,Printer,28161,2024-05-02
750,Nisha,Trichy,Headset,47409,2024-08-18
751,Arjun,Madurai,Laptop,2857,2024-04-23
752,Riya,Madurai,Mouse,12448,2024-12-17
753,Riya,Madurai,Headset,18733,2024-04-20
754,Rahul,Erode,Mouse,4940,2024-11-27
755,Kaviya,Trichy,Laptop,28035,2024-03-19
756,Riya,Madurai,Headset,9685,2024-11-02
757,Nisha,Trichy,Mobile,2620,2024-04-19
758,Kaviya,Trichy,Tablet,25266,2024-08-22
759,Priya,Madurai,Mobile,6920,2024-12-06
760,Priya,Erode,Tablet,40452,2024-10-15
761,Rahul,Erode,Laptop,15861,2024-03-14
762,Riya,Madurai,Mouse,32316,2024-08-19
763,Priya,Erode,Laptop,28835,2024-08-21
764,Rahul,Trichy,Mouse,32681,2024-09-08
765,Priya,Madurai,Printer,9735,2024-06-15
766,Kaviya,Erode,Headset,44232,2024-02-24
767,Nisha,Erode,Laptop,22435,2024-03-11
768,Nisha,Chennai,Headset,19545,2024-03-06
769,Rahul,Erode,Headset,33194,2024-04-05
770,Riya,Madurai,Printer,33777,2024-11-20
771,Riya,Madurai,Tablet,37884,2024-11-21
772,Riya,Chennai,Printer,27947,2024-02-24
773,Priya,Chennai,Mouse,43005,2024-10-09
774,Kaviya,Erode,Mouse,44048,2024-09-16
775,Riya,Madurai,Mouse,24176,2024-07-14
776,Nisha,Chennai,Mouse,4480,2024-02-23
777,Nisha,Madurai,Laptop,36250,2024-01-15
778,Rahul,Chennai,Mouse,8521,2024-10-10
779,Arjun,Trichy,Headset,43583,2024-04-25
780,Rahul,Erode,Laptop,29451,2024-06-01
781,Kaviya,Chennai,Headset,37500,2024-12-15
782,Rahul,Trichy,Mobile,14806,2024-12-03
783,Rahul,Madurai,Laptop,5009,2024-02-11
784,Arjun,Erode,Tablet,32766,2024-02-14
785,Riya,Trichy,Mobile,2398,2024-07-18
786,Riya,Erode,Printer,27685,2024-11-28
787,Nisha,Trichy,Printer,20240,2024-09-18
788,Kaviya,Trichy,Mouse,35136,2024-07-22
789,Nisha,Trichy,Mobile,5698,2024-11-11
790,Priya,Trichy,Laptop,32680,2024-12-21
791,Nisha,Madurai,Mobile,38628,2024-05-19
792,Rahul,Chennai,Tablet,7965,2024-02-14
793,Arjun,Madurai,Laptop,16542,2024-11-24
794,Rahul,Trichy,Tablet,37240,2024-05-25
795,Rahul,Erode,Printer,19052,2024-11-26
796,Riya,Chennai,Laptop,36028,2024-04-20
797,Arjun,Erode,Tablet,20126,2024-08-07
798,Priya,Trichy,Headset,22733,2024-10-15
799,Arjun,Erode,Tablet,29120,2024-07-09
800,Nisha,Madurai,Mouse,1443,2024-01-26
801,Nisha,Madurai,Laptop,16697,2024-10-09
802,Riya,Erode,Printer,10324,2024-06-23
803,Kaviya,Chennai,Mobile,35132,2024-01-23
804,Nisha,Erode,Mobile,21453,2024-12-22
805,Nisha,Erode,Laptop,21355,2024-08-14
806,Nisha,Trichy,Mobile,45842,2024-09-19
807,Rahul,Trichy,Headset,15905,2024-08-04
808,Kaviya,Trichy,Mouse,43240,2024-09-09
809,Kaviya,Chennai,Mobile,2798,2024-06-05
810,Riya,Trichy,Printer,36088,2024-05-21
811,Nisha,Madurai,Mobile,10492,2024-02-10
812,Rahul,Chennai,Mouse,10732,2024-01-22
813,Riya,Erode,Laptop,3299,2024-03-08
814,Nisha,Trichy,Headset,7096,2024-05-09
815,Nisha,Erode,Printer,2868,2024-04-09
816,Priya,Madurai,Printer,11113,2024-10-26
817,Riya,Trichy,Mobile,38192,2024-11-20
818,Priya,Erode,Printer,43253,2024-01-10
819,Kaviya,Chennai,Mouse,9439,2024-01-12
820,Kaviya,Trichy,Headset,11361,2024-07-11
821,Nisha,Chennai,Headset,5228,2024-10-28
822,Rahul,Trichy,Tablet,11951,2024-02-15
823,Kaviya,Chennai,Laptop,13309,2024-11-20
824,Arjun,Madurai,Mobile,28840,2024-08-05
825,Nisha,Chennai,Printer,13314,2024-07-07
826,Kaviya,Erode,Mouse,18070,2024-12-08
827,Kaviya,Erode,Mouse,6108,2024-03-22
828,Kaviya,Erode,Printer,33545,2024-02-26
829,Arjun,Madurai,Mouse,9086,2024-02-08
830,Priya,Madurai,Tablet,23432,2024-04-17
831,Riya,Erode,Laptop,42443,2024-01-12
832,Riya,Trichy,Printer,32162,2024-06-15
833,Priya,Chennai,Printer,41338,2024-07-28
834,Priya,Chennai,Mobile,9414,2024-07-15
835,Riya,Erode,Tablet,3743,2024-10-25
836,Arjun,Erode,Printer,44010,2024-06-17
837,Kaviya,Erode,Laptop,49550,2024-06-21
838,Priya,Chennai,Mobile,15798,2024-01-12
839,Kaviya,Trichy,Tablet,32021,2024-08-28
840,Priya,Chennai,Printer,43166,2024-02-25
841,Riya,Erode,Laptop,39549,2024-12-17
842,Kaviya,Erode,Laptop,10787,2024-02-13
843,Kaviya,Trichy,Laptop,4377,2024-12-09
844,Riya,Madurai,Mouse,1972,2024-04-02
845,Nisha,Chennai,Laptop,41040,2024-02-14
846,Arjun,Chennai,Mouse,38542,2024-10-01
847,Kaviya,Chennai,Headset,26103,2024-03-13
848,Kaviya,Chennai,Laptop,45781,2024-08-18
849,Kaviya,Erode,Tablet,10621,2024-02-04
850,Arjun,Madurai,Laptop,4546,2024-06-10
851,Riya,Madurai,Headset,30487,2024-11-17
852,Priya,Erode,Mobile,24004,2024-08-10
853,Riya,Madurai,Laptop,15106,2024-02-22
854,Riya,Trichy,Tablet,35469,2024-12-18
855,Kaviya,Madurai,Tablet,12153,2024-05-03
856,Nisha,Chennai,Headset,15422,2024-04-27
857,Kaviya,Madurai,Headset,3157,2024-10-27
858,Rahul,Madurai,Mouse,29612,2024-05-03
859,Kaviya,Erode,Headset,14729,2024-04-08
860,Nisha,Trichy,Mouse,15036,2024-07-05
861,Priya,Madurai,Laptop,39482,2024-11-27
862,Priya,Madurai,Tablet,16445,2024-07-03
863,Kaviya,Erode,Printer,49815,2024-02-07
864,Arjun,Erode,Mouse,43177,2024-07-11
865,Riya,Erode,Headset,42401,2024-08-28
866,Priya,Chennai,Mouse,36257,2024-03-20
867,Riya,Erode,Printer,37231,2024-03-27
868,Kaviya,Madurai,Mouse,14028,2024-02-20
869,Riya,Erode,Tablet,49243,2024-06-27
870,Priya,Madurai,Laptop,22846,2024-11-03
871,Nisha,Erode,Tablet,6651,2024-10-25
872,Priya,Erode,Headset,2059,2024-08-16
873,Nisha,Erode,Headset,14115,2024-12-09
874,Kaviya,Erode,Printer,3673,2024-09-12
875,Nisha,Erode,Mobile,28852,2024-10-01
876,Kaviya,Madurai,Printer,31654,2024-07-17
877,Kaviya,Madurai,Tablet,18921,2024-04-04
878,Arjun,Erode,Headset,24717,2024-09-08
879,Rahul,Madurai,Tablet,22696,2024-06-23
880,Riya,Erode,Laptop,17035,2024-08-06
881,Rahul,Erode,Mouse,49648,2024-03-21
882,Rahul,Madurai,Laptop,33527,2024-08-23
883,Rahul,Madurai,Printer,44820,2024-11-24
884,Arjun,Chennai,Printer,29547,2024-03-17
885,Kaviya,Trichy,Mouse,32743,2024-12-20
886,Riya,Erode,Tablet,34412,2024-07-02
887,Rahul,Erode,Printer,1844,2024-05-24
888,Priya,Madurai,Printer,23469,2024-05-04
889,Riya,Trichy,Laptop,6277,2024-03-05
890,Riya,Erode,Mouse,25895,2024-06-11
891,Arjun,Madurai,Mobile,47663,2024-07-20
892,Kaviya,Madurai,Printer,35345,2024-10-15
893,Arjun,Chennai,Headset,13361,2024-12-15
894,Riya,Trichy,Printer,6349,2024-09-09
895,Arjun,Trichy,Headset,32927,2024-05-07
896,Priya,Chennai,Headset,5032,2024-11-03
897,Kaviya,Chennai,Mouse,14263,2024-07-20
898,Arjun,Trichy,Mobile,27431,2024-05-20
899,Rahul,Trichy,Mouse,37246,2024-08-28
900,Riya,Trichy,Mobile,3479,2024-07-19
901,Nisha,Trichy,Tablet,28242,2024-03-12
902,Nisha,Trichy,Mobile,38703,2024-09-17
903,Arjun,Trichy,Laptop,31166,2024-08-17
904,Riya,Madurai,Tablet,12236,2024-08-11
905,Riya,Madurai,Mouse,23683,2024-01-17
906,Nisha,Erode,Headset,48187,2024-02-02
907,Kaviya,Madurai,Mobile,37194,2024-03-08
908,Rahul,Chennai,Mouse,35637,2024-02-16
909,Kaviya,Trichy,Printer,12416,2024-11-04
910,Priya,Chennai,Laptop,40344,2024-06-22
911,Priya,Madurai,Tablet,38730,2024-04-17
912,Priya,Erode,Printer,10387,2024-06-27
913,Nisha,Madurai,Headset,48555,2024-01-02
914,Nisha,Chennai,Printer,27432,2024-01-07
915,Priya,Erode,Mouse,20372,2024-06-26
916,Riya,Madurai,Mobile,31813,2024-03-22
917,Riya,Madurai,Headset,25536,2024-10-20
918,Kaviya,Chennai,Mobile,44620,2024-07-24
919,Kaviya,Madurai,Headset,39461,2024-11-25
920,Riya,Chennai,Printer,36059,2024-01-15
921,Arjun,Madurai,Laptop,23304,2024-09-16
922,Rahul,Trichy,Headset,9080,2024-12-14
923,Riya,Erode,Mouse,39608,2024-03-15
924,Riya,Madurai,Mouse,48502,2024-12-22
925,Rahul,Trichy,Headset,6543,2024-10-28
926,Nisha,Trichy,Printer,4681,2024-12-25
927,Riya,Erode,Headset,40748,2024-08-19
928,Riya,Madurai,Mobile,3904,2024-10-15
929,Arjun,Erode,Mobile,34849,2024-05-21
930,Kaviya,Chennai,Mobile,10969,2024-04-28
931,Riya,Trichy,Tablet,12835,2024-10-26
932,Arjun,Madurai,Mobile,20311,2024-08-17
933,Priya,Chennai,Tablet,39947,2024-11-10
934,Priya,Trichy,Mobile,44689,2024-08-19
935,Riya,Erode,Laptop,34512,2024-03-26
936,Riya,Erode,Mouse,28363,2024-01-22
937,Priya,Madurai,Mouse,14217,2024-01-20
938,Priya,Trichy,Mobile,35712,2024-08-03
939,Nisha,Madurai,Tablet,7055,2024-10-03
940,Riya,Trichy,Mobile,15324,2024-04-07
941,Priya,Erode,Printer,46279,2024-11-11
942,Arjun,Chennai,Headset,38010,2024-07-21
943,Riya,Madurai,Laptop,7129,2024-04-13
944,Kaviya,Trichy,Tablet,21305,2024-06-05
945,Nisha,Madurai,Tablet,43435,2024-08-12
946,Rahul,Madurai,Headset,49879,2024-10-23
947,Nisha,Madurai,Printer,10364,2024-04-09
948,Arjun,Chennai,Headset,46049,2024-07-01
949,Riya,Erode,Mobile,3488,2024-04-03
950,Rahul,Trichy,Headset,1280,2024-03-07
951,Arjun,Erode,Mobile,42650,2024-06-24
952,Priya,Madurai,Printer,40276,2024-11-21
953,Kaviya,Trichy,Laptop,32166,2024-09-09
954,Arjun,Madurai,Headset,6405,2024-12-22
955,Arjun,Chennai,Mouse,32834,2024-08-19
956,Rahul,Trichy,Headset,40149,2024-08-23
957,Nisha,Madurai,Laptop,5386,2024-01-26
958,Kaviya,Trichy,Tablet,26414,2024-09-11
959,Priya,Erode,Laptop,18975,2024-12-13
960,Kaviya,Trichy,Tablet,35963,2024-03-18
961,Riya,Madurai,Tablet,29934,2024-08-20
962,Nisha,Erode,Printer,44562,2024-11-16
963,Nisha,Erode,Laptop,47043,2024-02-18
964,Arjun,Trichy,Mobile,29197,2024-05-01
965,Riya,Trichy,Mouse,32318,2024-02-22
966,Kaviya,Erode,Laptop,26472,2024-02-03
967,Kaviya,Erode,Tablet,11842,2024-11-18
968,Arjun,Chennai,Tablet,36848,2024-05-25
969,Nisha,Madurai,Printer,30082,2024-11-04
970,Rahul,Trichy,Laptop,12020,2024-07-23
971,Nisha,Trichy,Laptop,22163,2024-06-15
972,Rahul,Trichy,Tablet,31773,2024-02-01
973,Arjun,Madurai,Tablet,35032,2024-10-15
974,Nisha,Madurai,Mouse,38133,2024-10-02
975,Priya,Madurai,Printer,19790,2024-05-28
976,Rahul,Madurai,Printer,34475,2024-04-06
977,Rahul,Erode,Headset,13692,2024-12-06
978,Priya,Madurai,Printer,48792,2024-11-26
979,Rahul,Madurai,Tablet,34966,2024-02-01
980,Riya,Erode,Mobile,30525,2024-10-09
981,Arjun,Trichy,Mobile,3814,2024-08-22
982,Kaviya,Trichy,Tablet,11923,2024-01-03
983,Riya,Erode,Mouse,4498,2024-09-19
984,Riya,Chennai,Headset,18865,2024-09-21
985,Nisha,Erode,Mobile,34293,2024-08-17
986,Priya,Madurai,Tablet,42524,2024-06-27
987,Riya,Madurai,Tablet,12097,2024-01-18
988,Kaviya,Trichy,Laptop,10321,2024-05-07
989,Rahul,Trichy,Tablet,17028,2024-06-18
990,Nisha,Chennai,Laptop,6964,2024-02-28
991,Nisha,Erode,Mouse,41758,2024-09-18
992,Kaviya,Chennai,Laptop,29599,2024-10-11
993,Arjun,Trichy,Laptop,41713,2024-10-16
994,Kaviya,Madurai,Mobile,21650,2024-11-26
995,Priya,Madurai,Laptop,18838,2024-12-23
996,Arjun,Chennai,Tablet,26863,2024-11-19
997,Rahul,Trichy,Mouse,29080,2024-07-14
998,Rahul,Madurai,Mobile,32732,2024-05-20
999,Riya,Trichy,Mobile,49460,2024-07-12
1000,Nisha,Erode,Tablet,32766,2024-11-15
1001,Nisha,Chennai,Tablet,28630,2024-08-27
1002,Nisha,Trichy,Headset,32797,2024-01-26
1003,Priya,Madurai,Mouse,5036,2024-08-07
1004,Riya,Madurai,Printer,35357,2024-09-09
1005,Riya,Erode,Mobile,19609,2024-07-12
1006,Nisha,Erode,Laptop,35055,2024-01-12
1007,Rahul,Chennai,Tablet,34359,2024-11-11
1008,Kaviya,Chennai,Mouse,14601,2024-11-23
1009,Rahul,Madurai,Headset,22039,2024-11-06
1010,Kaviya,Madurai,Laptop,41505,2024-04-05
1011,Kaviya,Trichy,Mouse,18138,2024-09-13
1012,Kaviya,Trichy,Tablet,27716,2024-05-01
1013,Priya,Erode,Headset,2020,2024-04-25
1014,Arjun,Madurai,Printer,21160,2024-09-01
1015,Nisha,Chennai,Mouse,45071,2024-08-09
1016,Priya,Erode,Tablet,24262,2024-09-15
1017,Rahul,Chennai,Headset,45063,2024-06-20
1018,Rahul,Trichy,Mouse,46585,2024-07-28
1019,Riya,Trichy,Laptop,33273,2024-12-23
1020,Kaviya,Trichy,Mobile,17296,2024-01-13
1021,Rahul,Chennai,Tablet,6398,2024-06-05
1022,Kaviya,Madurai,Printer,21215,2024-07-18
1023,Rahul,Chennai,Mouse,23080,2024-04-06
1024,Arjun,Trichy,Printer,46828,2024-06-27
1025,Kaviya,Trichy,Mobile,33043,2024-10-19
1026,Kaviya,Trichy,Printer,37256,2024-04-21
1027,Arjun,Erode,Mouse,48328,2024-06-06
1028,Rahul,Chennai,Headset,5578,2024-04-17
1029,Priya,Chennai,Mobile,26171,2024-09-14
1030,Priya,Madurai,Headset,31748,2024-02-21
1031,Arjun,Madurai,Tablet,6660,2024-03-04
1032,Priya,Madurai,Mobile,12157,2024-11-03
1033,Priya,Madurai,Mouse,46260,2024-02-14
1034,Kaviya,Trichy,Laptop,40311,2024-05-08
1035,Arjun,Madurai,Printer,44383,2024-08-05
1036,Nisha,Chennai,Mouse,7469,2024-04-03
1037,Nisha,Chennai,Headset,7283,2024-02-15
1038,Nisha,Trichy,Tablet,5556,2024-02-21
1039,Arjun,Trichy,Printer,34663,2024-01-14
1040,Arjun,Erode,Mouse,27775,2024-07-02
1041,Nisha,Erode,Mobile,43443,2024-05-22
1042,Riya,Chennai,Mouse,18131,2024-06-05
1043,Arjun,Madurai,Mouse,9001,2024-02-04
1044,Kaviya,Trichy,Mobile,6998,2024-05-11
1045,Riya,Erode,Printer,22896,2024-02-25
1046,Kaviya,Trichy,Mobile,47858,2024-09-17
1047,Rahul,Trichy,Tablet,45517,2024-08-27
1048,Riya,Trichy,Printer,44797,2024-11-14
1049,Rahul,Trichy,Printer,28341,2024-03-13
1050,Rahul,Erode,Headset,35527,2024-08-26
1051,Riya,Madurai,Mobile,40752,2024-02-22
1052,Priya,Trichy,Tablet,19983,2024-11-20
1053,Nisha,Erode,Headset,13945,2024-03-25
1054,Priya,Erode,Headset,13311,2024-09-05
1055,Nisha,Erode,Headset,28683,2024-08-14
1056,Arjun,Chennai,Printer,38459,2024-09-22
1057,Rahul,Madurai,Mobile,15035,2024-08-13
1058,Nisha,Madurai,Mobile,3690,2024-06-28
1059,Kaviya,Erode,Tablet,5732,2024-01-09
1060,Priya,Chennai,Laptop,6011,2024-08-23
1061,Priya,Trichy,Headset,24926,2024-10-18
1062,Nisha,Madurai,Mobile,2293,2024-05-09
1063,Rahul,Trichy,Tablet,17235,2024-03-16
1064,Riya,Erode,Laptop,14481,2024-02-01
1065,Nisha,Erode,Tablet,27274,2024-02-12
1066,Riya,Madurai,Mouse,3799,2024-05-14
1067,Riya,Erode,Headset,49079,2024-04-23
1068,Nisha,Erode,Headset,8150,2024-08-02
1069,Arjun,Chennai,Mobile,45266,2024-06-14
1070,Rahul,Trichy,Tablet,30515,2024-05-18
1071,Nisha,Madurai,Printer,48860,2024-09-17
1072,Priya,Madurai,Laptop,20486,2024-12-11
1073,Rahul,Madurai,Headset,22467,2024-02-22
1074,Kaviya,Trichy,Mouse,23127,2024-12-10
1075,Rahul,Erode,Printer,29217,2024-06-07
1076,Kaviya,Chennai,Mobile,14464,2024-07-22
1077,Priya,Chennai,Tablet,6708,2024-09-09
1078,Rahul,Chennai,Mouse,4741,2024-03-23
1079,Riya,Chennai,Laptop,20831,2024-10-19
1080,Kaviya,Trichy,Laptop,42548,2024-02-23
1081,Kaviya,Trichy,Headset,40112,2024-06-18
1082,Rahul,Chennai,Printer,4201,2024-03-19
1083,Nisha,Trichy,Headset,38513,2024-08-15
1084,Rahul,Erode,Headset,40009,2024-11-04
1085,Arjun,Erode,Headset,30725,2024-01-25
1086,Priya,Trichy,Headset,3415,2024-11-17
1087,Kaviya,Trichy,Tablet,39518,2024-01-23
1088,Kaviya,Madurai,Tablet,7642,2024-05-05
1089,Priya,Erode,Mobile,31793,2024-06-16
1090,Nisha,Erode,Mobile,36854,2024-07-08
1091,Priya,Chennai,Mobile,10651,2024-04-14
1092,Arjun,Trichy,Printer,34167,2024-03-12
1093,Priya,Madurai,Tablet,17567,2024-07-04
1094,Arjun,Madurai,Mouse,26361,2024-12-27
1095,Nisha,Chennai,Headset,6654,2024-02-05
1096,Rahul,Madurai,Mobile,13679,2024-09-12
1097,Rahul,Erode,Mobile,9988,2024-05-17
1098,Nisha,Chennai,Headset,29767,2024-08-04
1099,Priya,Erode,Tablet,47103,2024-01-26
1100,Kaviya,Madurai,Mobile,49453,2024-02-20
1101,Priya,Trichy,Headset,43235,2024-04-06
1102,Kaviya,Trichy,Mouse,23569,2024-10-27
1103,Nisha,Madurai,Mouse,15311,2024-02-18
1104,Kaviya,Chennai,Printer,1126,2024-11-17
1105,Rahul,Erode,Printer,41950,2024-06-16
1106,Kaviya,Erode,Headset,45325,2024-05-26
1107,Kaviya,Chennai,Tablet,30478,2024-09-11
1108,Rahul,Erode,Laptop,26689,2024-11-03
1109,Priya,Chennai,Mouse,18901,2024-02-15
1110,Nisha,Chennai,Printer,8356,2024-11-12
1111,Kaviya,Madurai,Headset,39247,2024-08-12
1112,Kaviya,Trichy,Mouse,26293,2024-08-23
1113,Nisha,Madurai,Mouse,37673,2024-01-07
1114,Nisha,Chennai,Tablet,27372,2024-03-12
1115,Nisha,Trichy,Printer,8115,2024-06-05
1116,Nisha,Trichy,Mouse,6440,2024-11-04
1117,Priya,Trichy,Laptop,29195,2024-07-07
1118,Nisha,Madurai,Mouse,30005,2024-07-22
1119,Arjun,Madurai,Mouse,31166,2024-06-06
1120,Nisha,Madurai,Tablet,18453,2024-10-04
1121,Riya,Chennai,Printer,20106,2024-07-03
1122,Nisha,Trichy,Laptop,24748,2024-08-16
1123,Priya,Chennai,Mobile,37866,2024-07-17
1124,Nisha,Madurai,Headset,9678,2024-04-09
1125,Kaviya,Erode,Mouse,8580,2024-11-05
1126,Arjun,Erode,Printer,40176,2024-01-20
1127,Rahul,Madurai,Printer,31223,2024-09-05
1128,Arjun,Madurai,Printer,27092,2024-06-22
1129,Rahul,Erode,Printer,22546,2024-07-16
1130,Priya,Trichy,Tablet,12770,2024-06-10
1131,Arjun,Trichy,Printer,20263,2024-07-14
1132,Kaviya,Trichy,Mouse,15278,2024-10-06
1133,Nisha,Erode,Mobile,16420,2024-02-15
1134,Priya,Erode,Printer,23378,2024-10-28
1135,Priya,Madurai,Printer,17219,2024-06-18
1136,Nisha,Trichy,Mobile,39585,2024-07-14
1137,Arjun,Trichy,Tablet,43332,2024-12-13
1138,Rahul,Madurai,Laptop,40451,2024-08-09
1139,Arjun,Chennai,Laptop,37466,2024-07-01
1140,Riya,Chennai,Laptop,47459,2024-08-13
1141,Rahul,Madurai,Laptop,16429,2024-12-16
1142,Arjun,Chennai,Laptop,11112,2024-02-24
1143,Nisha,Erode,Mouse,1673,2024-06-19
1144,Rahul,Trichy,Mobile,39960,2024-12-04
1145,Nisha,Madurai,Mobile,22222,2024-09-22
1146,Arjun,Erode,Mouse,2908,2024-10-21
1147,Nisha,Erode,Tablet,43380,2024-10-03
1148,Priya,Erode,Mobile,9892,2024-08-01
1149,Riya,Chennai,Mobile,39663,2024-09-24
1150,Arjun,Trichy,Tablet,13846,2024-02-15
1151,Priya,Erode,Printer,19796,2024-07-04
1152,Nisha,Madurai,Mobile,26639,2024-02-28
1153,Rahul,Erode,Printer,13420,2024-08-13
1154,Kaviya,Chennai,Mouse,22851,2024-05-19
1155,Riya,Madurai,Laptop,39661,2024-03-03
1156,Riya,Chennai,Tablet,14855,2024-07-25
1157,Rahul,Madurai,Headset,17242,2024-01-25
1158,Riya,Trichy,Printer,25826,2024-10-09
1159,Kaviya,Chennai,Tablet,36567,2024-06-10
1160,Nisha,Trichy,Tablet,32821,2024-08-13
1161,Nisha,Erode,Mouse,25849,2024-05-21
1162,Kaviya,Chennai,Mouse,44838,2024-06-10
1163,Riya,Erode,Mouse,29535,2024-11-10
1164,Riya,Chennai,Printer,26952,2024-08-09
1165,Arjun,Erode,Tablet,23140,2024-10-14
1166,Kaviya,Chennai,Mobile,33250,2024-10-01
1167,Arjun,Trichy,Headset,35894,2024-04-08
1168,Riya,Chennai,Headset,6374,2024-09-10
1169,Priya,Trichy,Mobile,13166,2024-09-22
1170,Priya,Erode,Mobile,32540,2024-06-28
1171,Nisha,Madurai,Mobile,27155,2024-03-15
1172,Rahul,Madurai,Mobile,47542,2024-10-12
1173,Rahul,Madurai,Laptop,28956,2024-12-10
1174,Kaviya,Chennai,Printer,46986,2024-08-11
1175,Rahul,Chennai,Mouse,18692,2024-12-02
1176,Riya,Erode,Mouse,16699,2024-07-10
1177,Kaviya,Trichy,Printer,48993,2024-12-10
1178,Arjun,Chennai,Headset,21249,2024-05-02
1179,Kaviya,Chennai,Printer,2973,2024-09-21
1180,Priya,Erode,Mouse,49216,2024-09-16
1181,Riya,Trichy,Printer,10200,2024-10-06
1182,Rahul,Erode,Tablet,46517,2024-08-16
1183,Priya,Chennai,Laptop,23875,2024-01-14
1184,Kaviya,Chennai,Laptop,40424,2024-12-06
1185,Arjun,Chennai,Mobile,9882,2024-11-17
1186,Rahul,Erode,Tablet,5356,2024-03-18
1187,Nisha,Erode,Laptop,30623,2024-05-25
1188,Rahul,Trichy,Printer,22548,2024-08-13
1189,Nisha,Trichy,Headset,36560,2024-09-10
1190,Arjun,Chennai,Mobile,39633,2024-11-25
1191,Riya,Chennai,Laptop,38439,2024-03-25
1192,Rahul,Madurai,Tablet,39077,2024-04-23
1193,Arjun,Chennai,Tablet,20423,2024-01-23
1194,Nisha,Trichy,Laptop,34368,2024-06-19
1195,Rahul,Chennai,Headset,16895,2024-09-16
1196,Rahul,Madurai,Mouse,32053,2024-03-01
1197,Nisha,Chennai,Mouse,46125,2024-03-20
1198,Rahul,Trichy,Laptop,30399,2024-03-17
1199,Kaviya,Chennai,Tablet,27428,2024-06-13
1200,Nisha,Madurai,Mouse,22235,2024-12-03
1201,Nisha,Madurai,Tablet,42293,2024-07-18
1202,Nisha,Chennai,Headset,16945,2024-08-26
1203,Arjun,Trichy,Mouse,47843,2024-01-04
1204,Rahul,Erode,Mobile,31606,2024-11-27
1205,Priya,Chennai,Tablet,28664,2024-10-19
1206,Rahul,Chennai,Laptop,10669,2024-06-12
1207,Rahul,Madurai,Headset,38533,2024-09-18
1208,Riya,Madurai,Mouse,40429,2024-01-01
1209,Kaviya,Trichy,Mouse,47881,2024-09-18
1210,Arjun,Madurai,Mobile,22318,2024-09-13
1211,Priya,Chennai,Tablet,26272,2024-11-24
1212,Arjun,Madurai,Laptop,46295,2024-12-25
1213,Riya,Madurai,Headset,49924,2024-02-27
1214,Kaviya,Madurai,Headset,42985,2024-11-01
1215,Riya,Trichy,Printer,30435,2024-05-20
1216,Priya,Erode,Headset,17849,2024-11-23
1217,Arjun,Chennai,Printer,49401,2024-07-06
1218,Riya,Trichy,Laptop,26689,2024-03-26
1219,Rahul,Madurai,Headset,12509,2024-06-07
1220,Arjun,Erode,Printer,30291,2024-07-11
1221,Arjun,Trichy,Printer,43387,2024-05-09
1222,Nisha,Chennai,Tablet,22432,2024-09-09
1223,Nisha,Erode,Headset,40875,2024-11-09
1224,Riya,Trichy,Printer,31953,2024-12-26
1225,Priya,Chennai,Headset,7453,2024-08-04
1226,Nisha,Madurai,Mouse,15669,2024-11-04
1227,Priya,Madurai,Printer,35856,2024-12-22
1228,Nisha,Erode,Headset,20855,2024-02-22
1229,Arjun,Trichy,Printer,49900,2024-11-17
1230,Riya,Madurai,Tablet,15339,2024-04-11
1231,Riya,Chennai,Tablet,19506,2024-02-16
1232,Arjun,Trichy,Mobile,15845,2024-05-14
1233,Nisha,Erode,Headset,3660,2024-02-18
1234,Riya,Madurai,Headset,8245,2024-09-09
1235,Kaviya,Madurai,Laptop,15264,2024-06-28
1236,Arjun,Erode,Headset,42367,2024-06-18
1237,Nisha,Chennai,Mobile,31810,2024-03-14
1238,Kaviya,Madurai,Tablet,29358,2024-12-23
1239,Priya,Trichy,Mobile,43605,2024-09-14
1240,Priya,Madurai,Laptop,23842,2024-03-28
1241,Priya,Erode,Tablet,27451,2024-02-07
1242,Rahul,Erode,Laptop,27786,2024-06-03
1243,Rahul,Chennai,Laptop,21004,2024-09-24
1244,Riya,Chennai,Tablet,28667,2024-05-17
1245,Arjun,Erode,Tablet,14789,2024-11-25
1246,Kaviya,Erode,Tablet,31016,2024-07-18
1247,Riya,Chennai,Mobile,45787,2024-12-19
1248,Rahul,Erode,Printer,5211,2024-10-28
1249,Arjun,Chennai,Printer,47287,2024-12-18
1250,Kaviya,Erode,Printer,15657,2024-07-17
1251,Priya,Erode,Mobile,27653,2024-11-09
1252,Kaviya,Trichy,Mouse,46932,2024-09-19
1253,Riya,Erode,Headset,39917,2024-12-27
1254,Arjun,Trichy,Mobile,1092,2024-05-09
1255,Kaviya,Erode,Printer,26007,2024-09-01
1256,Arjun,Madurai,Mouse,48733,2024-07-27
1257,Nisha,Trichy,Headset,43653,2024-09-14
1258,Kaviya,Chennai,Laptop,1993,2024-09-22
1259,Riya,Trichy,Tablet,21176,2024-08-15
1260,Nisha,Trichy,Headset,26220,2024-01-20
1261,Rahul,Madurai,Laptop,32728,2024-04-18
1262,Arjun,Erode,Mobile,7119,2024-12-03
1263,Riya,Trichy,Mobile,2799,2024-06-19
1264,Kaviya,Chennai,Tablet,35576,2024-11-20
1265,Priya,Chennai,Mouse,41982,2024-04-13
1266,Priya,Chennai,Laptop,45539,2024-07-10
1267,Priya,Chennai,Headset,3414,2024-06-28
1268,Kaviya,Chennai,Printer,41462,2024-02-03
1269,Rahul,Trichy,Mobile,19967,2024-11-28
1270,Arjun,Erode,Mouse,33304,2024-06-02
1271,Kaviya,Erode,Mobile,20817,2024-08-16
1272,Nisha,Chennai,Mobile,36048,2024-12-14
1273,Riya,Trichy,Headset,49528,2024-06-24
1274,Riya,Madurai,Mobile,33146,2024-09-10
1275,Nisha,Madurai,Mouse,37610,2024-01-06
1276,Riya,Erode,Printer,39621,2024-04-19
1277,Nisha,Madurai,Mobile,32432,2024-05-06
1278,Riya,Erode,Mouse,36152,2024-05-04
1279,Rahul,Madurai,Mouse,32431,2024-09-23
1280,Priya,Chennai,Laptop,18107,2024-12-22
1281,Nisha,Trichy,Tablet,7097,2024-06-19
1282,Kaviya,Trichy,Printer,21866,2024-04-20
1283,Priya,Erode,Printer,4715,2024-01-15
1284,Priya,Erode,Tablet,21853,2024-11-25
1285,Rahul,Chennai,Mouse,29532,2024-08-06
1286,Riya,Chennai,Mobile,21248,2024-05-02
1287,Nisha,Erode,Tablet,6378,2024-04-15
1288,Arjun,Chennai,Tablet,44529,2024-11-28
1289,Nisha,Erode,Headset,9116,2024-09-14
1290,Rahul,Erode,Laptop,16600,2024-01-22
1291,Rahul,Erode,Mobile,3262,2024-04-02
1292,Priya,Erode,Tablet,4024,2024-05-20
1293,Arjun,Erode,Laptop,29096,2024-03-13
1294,Kaviya,Erode,Laptop,33402,2024-08-06
1295,Nisha,Chennai,Tablet,37688,2024-10-18
1296,Riya,Erode,Mobile,7080,2024-08-15
1297,Kaviya,Chennai,Tablet,30913,2024-05-13
1298,Arjun,Chennai,Printer,47623,2024-09-05
1299,Arjun,Madurai,Headset,26664,2024-01-28
1300,Arjun,Trichy,Laptop,48339,2024-06-12
1301,Riya,Erode,Printer,49936,2024-11-16
1302,Arjun,Trichy,Printer,17814,2024-01-13
1303,Kaviya,Chennai,Printer,48476,2024-05-05
1304,Kaviya,Madurai,Mobile,47365,2024-01-23
1305,Nisha,Trichy,Mouse,28787,2024-08-25
1306,Priya,Madurai,Printer,7053,2024-04-20
1307,Riya,Chennai,Headset,43785,2024-07-22
1308,Riya,Trichy,Printer,12182,2024-08-09
1309,Arjun,Trichy,Laptop,36231,2024-04-06
1310,Riya,Erode,Mouse,35659,2024-09-14
1311,Nisha,Madurai,Headset,37600,2024-02-07
1312,Riya,Chennai,Laptop,17089,2024-06-16
1313,Riya,Chennai,Printer,18425,2024-11-26
1314,Kaviya,Erode,Tablet,2606,2024-08-27
1315,Nisha,Madurai,Laptop,45619,2024-02-05
1316,Priya,Trichy,Mobile,8046,2024-09-09
1317,Priya,Erode,Laptop,38321,2024-07-23
1318,Riya,Trichy,Mouse,32894,2024-09-05
1319,Rahul,Madurai,Mouse,2886,2024-04-06
1320,Rahul,Chennai,Laptop,3524,2024-12-09
1321,Rahul,Trichy,Printer,26600,2024-06-05
1322,Riya,Erode,Tablet,22974,2024-05-24
1323,Nisha,Madurai,Mouse,43288,2024-12-02
1324,Nisha,Erode,Mobile,9168,2024-09-06
1325,Riya,Madurai,Mobile,9348,2024-10-12
1326,Arjun,Trichy,Mouse,20062,2024-02-07
1327,Nisha,Madurai,Tablet,19449,2024-03-12
1328,Arjun,Erode,Tablet,26967,2024-05-24
1329,Rahul,Trichy,Tablet,37288,2024-02-05
1330,Priya,Trichy,Printer,32231,2024-06-17
1331,Riya,Trichy,Mouse,17220,2024-12-28
1332,Priya,Chennai,Headset,20359,2024-06-09
1333,Riya,Madurai,Mouse,26073,2024-10-05
1334,Riya,Chennai,Laptop,6926,2024-10-08
1335,Arjun,Trichy,Printer,14493,2024-12-28
1336,Riya,Trichy,Headset,48099,2024-09-10
1337,Priya,Trichy,Printer,43026,2024-05-04
1338,Priya,Trichy,Mouse,19989,2024-04-07
1339,Kaviya,Chennai,Laptop,1716,2024-10-06
1340,Priya,Madurai,Headset,45940,2024-07-09
1341,Nisha,Chennai,Mouse,37513,2024-10-21
1342,Nisha,Erode,Mouse,38762,2024-05-15
1343,Rahul,Madurai,Tablet,30115,2024-02-21
1344,Priya,Madurai,Mouse,13234,2024-12-05
1345,Nisha,Trichy,Laptop,49210,2024-12-13
1346,Riya,Chennai,Laptop,47651,2024-11-01
1347,Arjun,Erode,Mobile,2397,2024-03-14
1348,Arjun,Erode,Mobile,28283,2024-09-12
1349,Arjun,Trichy,Laptop,6346,2024-07-28
1350,Priya,Chennai,Mobile,9854,2024-07-15
1351,Arjun,Erode,Printer,41886,2024-01-08
1352,Nisha,Madurai,Printer,8927,2024-03-20
1353,Riya,Trichy,Laptop,42880,2024-02-08
1354,Riya,Chennai,Mouse,23420,2024-11-05
1355,Kaviya,Erode,Laptop,1232,2024-12-15
1356,Riya,Trichy,Tablet,27483,2024-05-23
1357,Priya,Trichy,Headset,2757,2024-03-05
1358,Rahul,Erode,Printer,26605,2024-05-11
1359,Riya,Chennai,Mouse,21813,2024-08-12
1360,Nisha,Chennai,Laptop,27370,2024-05-21
1361,Kaviya,Chennai,Laptop,30478,2024-08-12
1362,Riya,Erode,Printer,19817,2024-05-07
1363,Nisha,Madurai,Printer,13753,2024-06-06
1364,Priya,Madurai,Tablet,43186,2024-10-22
1365,Priya,Chennai,Laptop,25201,2024-11-23
1366,Kaviya,Madurai,Laptop,23478,2024-11-19
1367,Nisha,Erode,Laptop,28495,2024-08-16
1368,Riya,Trichy,Headset,36287,2024-02-14
1369,Priya,Trichy,Tablet,12974,2024-10-14
1370,Arjun,Trichy,Tablet,1657,2024-07-03
1371,Nisha,Chennai,Mobile,49965,2024-06-12
1372,Arjun,Trichy,Mouse,34555,2024-07-18
1373,Riya,Madurai,Headset,12473,2024-04-27
1374,Riya,Trichy,Mouse,40740,2024-11-06
1375,Priya,Erode,Laptop,3475,2024-07-11
1376,Priya,Trichy,Headset,18862,2024-08-02
1377,Priya,Chennai,Printer,34091,2024-09-25
1378,Arjun,Chennai,Mobile,38376,2024-06-23
1379,Nisha,Trichy,Printer,29860,2024-07-08
1380,Kaviya,Chennai,Mouse,3253,2024-05-12
1381,Rahul,Trichy,Printer,34226,2024-05-19
1382,Priya,Chennai,Mobile,9065,2024-03-08
1383,Kaviya,Chennai,Laptop,16774,2024-07-12
1384,Arjun,Madurai,Mobile,40298,2024-03-14
1385,Kaviya,Madurai,Laptop,39506,2024-09-10
1386,Riya,Madurai,Printer,1917,2024-10-06
1387,Priya,Chennai,Headset,20335,2024-07-27
1388,Arjun,Chennai,Tablet,18557,2024-02-28
1389,Arjun,Trichy,Mobile,36157,2024-12-05
1390,Arjun,Erode,Mobile,1520,2024-12-24
1391,Arjun,Erode,Mobile,10418,2024-04-10
1392,Riya,Chennai,Tablet,27043,2024-03-19
1393,Rahul,Chennai,Printer,20697,2024-08-11
1394,Arjun,Erode,Mobile,2865,2024-12-26
1395,Arjun,Chennai,Mouse,22216,2024-09-12
1396,Rahul,Erode,Laptop,40674,2024-01-25
1397,Riya,Madurai,Laptop,34350,2024-09-02
1398,Priya,Chennai,Headset,33598,2024-12-28
1399,Arjun,Madurai,Mobile,18571,2024-07-06
1400,Arjun,Trichy,Mobile,31314,2024-01-23
1401,Arjun,Madurai,Mouse,41357,2024-05-14
1402,Kaviya,Erode,Mouse,42564,2024-05-20
1403,Nisha,Trichy,Headset,26971,2024-07-19
1404,Rahul,Trichy,Mouse,3686,2024-12-02
1405,Arjun,Madurai,Printer,21833,2024-12-27
1406,Kaviya,Erode,Printer,5588,2024-12-24
1407,Priya,Trichy,Laptop,14803,2024-07-28
1408,Kaviya,Trichy,Tablet,47839,2024-05-26
1409,Riya,Trichy,Printer,1766,2024-07-02
1410,Priya,Chennai,Printer,25539,2024-02-24
1411,Rahul,Erode,Tablet,35230,2024-03-07
1412,Rahul,Chennai,Mobile,1425,2024-12-21
1413,Priya,Trichy,Mouse,44371,2024-10-22
1414,Kaviya,Erode,Printer,8688,2024-01-12
1415,Rahul,Chennai,Tablet,24666,2024-07-16
1416,Rahul,Erode,Tablet,22857,2024-04-19
1417,Nisha,Chennai,Printer,44582,2024-05-04
1418,Priya,Chennai,Mobile,26080,2024-11-09
1419,Rahul,Madurai,Mouse,45006,2024-11-05
1420,Nisha,Chennai,Mouse,26004,2024-01-25
1421,Priya,Chennai,Printer,18366,2024-01-08
1422,Kaviya,Chennai,Tablet,4766,2024-02-13
1423,Rahul,Madurai,Mobile,7202,2024-08-19
1424,Arjun,Trichy,Headset,8542,2024-08-09
1425,Nisha,Erode,Headset,27805,2024-07-05
1426,Arjun,Trichy,Laptop,18708,2024-12-17
1427,Priya,Erode,Tablet,17659,2024-08-02
1428,Priya,Madurai,Printer,21042,2024-08-10
1429,Kaviya,Trichy,Tablet,7873,2024-02-09
1430,Nisha,Chennai,Laptop,17556,2024-02-04
1431,Rahul,Erode,Mouse,6870,2024-10-08
1432,Nisha,Erode,Headset,19108,2024-02-06
1433,Arjun,Madurai,Mouse,13299,2024-10-22
1434,Nisha,Chennai,Printer,10853,2024-07-16
1435,Priya,Chennai,Mouse,28257,2024-09-13
1436,Kaviya,Chennai,Mobile,21500,2024-04-15
1437,Kaviya,Erode,Headset,46894,2024-08-08
1438,Nisha,Erode,Mouse,3806,2024-04-13
1439,Arjun,Erode,Laptop,43967,2024-10-23
1440,Riya,Chennai,Headset,41329,2024-10-18
1441,Rahul,Madurai,Laptop,7245,2024-08-11
1442,Kaviya,Erode,Headset,33610,2024-03-08
1443,Nisha,Madurai,Printer,33494,2024-04-03
1444,Kaviya,Trichy,Mobile,44113,2024-06-28
1445,Kaviya,Madurai,Headset,33765,2024-05-17
1446,Arjun,Trichy,Tablet,49968,2024-05-18
1447,Arjun,Erode,Mobile,23485,2024-06-22
1448,Priya,Trichy,Mouse,4825,2024-04-23
1449,Kaviya,Madurai,Headset,37867,2024-08-01
1450,Nisha,Chennai,Mobile,12880,2024-07-17
1451,Nisha,Erode,Mouse,43556,2024-06-11
1452,Priya,Erode,Headset,15074,2024-11-03
1453,Rahul,Trichy,Printer,37489,2024-07-14
1454,Riya,Trichy,Mouse,6579,2024-04-16
1455,Rahul,Madurai,Headset,13202,2024-06-26
1456,Rahul,Erode,Headset,34371,2024-06-22
1457,Nisha,Trichy,Headset,37600,2024-02-17
1458,Kaviya,Trichy,Printer,25523,2024-03-22
1459,Nisha,Madurai,Mobile,14469,2024-09-04
1460,Kaviya,Madurai,Mobile,46066,2024-07-14
1461,Kaviya,Trichy,Tablet,5225,2024-04-03
1462,Nisha,Chennai,Laptop,5914,2024-01-22
1463,Rahul,Chennai,Laptop,31286,2024-09-20
1464,Riya,Madurai,Laptop,41632,2024-04-04
1465,Rahul,Erode,Headset,29152,2024-05-11
1466,Priya,Madurai,Mobile,47040,2024-09-09
1467,Riya,Madurai,Tablet,44439,2024-04-22
1468,Kaviya,Erode,Mouse,38139,2024-08-22
1469,Priya,Madurai,Mouse,22302,2024-10-20
1470,Rahul,Erode,Headset,15538,2024-11-27
1471,Riya,Erode,Tablet,33796,2024-10-16
1472,Priya,Trichy,Mouse,34432,2024-08-23
1473,Priya,Trichy,Mobile,14930,2024-08-10
1474,Nisha,Trichy,Headset,27919,2024-11-12
1475,Riya,Madurai,Tablet,17097,2024-12-21
1476,Arjun,Chennai,Laptop,39235,2024-04-22
1477,Nisha,Chennai,Headset,27112,2024-02-27
1478,Nisha,Erode,Laptop,31933,2024-03-09
1479,Rahul,Trichy,Tablet,15935,2024-09-06
1480,Arjun,Chennai,Laptop,28779,2024-02-23
1481,Riya,Trichy,Laptop,47390,2024-03-24
1482,Riya,Erode,Mobile,15532,2024-09-25
1483,Kaviya,Madurai,Headset,41312,2024-10-12
1484,Arjun,Chennai,Laptop,34746,2024-09-24
1485,Arjun,Madurai,Printer,34448,2024-05-04
1486,Rahul,Trichy,Tablet,18874,2024-03-13
1487,Arjun,Trichy,Laptop,3923,2024-05-25
1488,Rahul,Erode,Headset,28140,2024-02-01
1489,Nisha,Chennai,Tablet,19945,2024-10-04
1490,Kaviya,Trichy,Mobile,34211,2024-12-24
1491,Riya,Chennai,Mouse,34755,2024-01-13
1492,Nisha,Chennai,Headset,43607,2024-09-12
1493,Riya,Madurai,Mouse,18349,2024-06-16
1494,Rahul,Trichy,Mobile,27011,2024-07-01
1495,Riya,Chennai,Laptop,29981,2024-03-08
1496,Priya,Madurai,Printer,15203,2024-07-25
1497,Rahul,Chennai,Laptop,1472,2024-09-16
1498,Arjun,Chennai,Printer,37028,2024-07-13
1499,Riya,Erode,Laptop,20222,2024-09-21
1500,Rahul,Erode,Tablet,32458,2024-06-12
1501,Riya,Chennai,Mobile,21689,2024-11-19
1502,Riya,Erode,Laptop,39407,2024-11-13
1503,Rahul,Madurai,Mobile,18010,2024-02-25
1504,Kaviya,Chennai,Mobile,32742,2024-03-26
1505,Kaviya,Erode,Laptop,14212,2024-10-27
1506,Rahul,Trichy,Laptop,40915,2024-10-25
1507,Priya,Trichy,Laptop,21619,2024-10-28
1508,Arjun,Madurai,Mobile,32452,2024-08-27
1509,Riya,Chennai,Printer,20217,2024-04-07
1510,Riya,Trichy,Tablet,39404,2024-08-06
1511,Priya,Chennai,Tablet,15111,2024-12-26
1512,Arjun,Trichy,Printer,46434,2024-12-28
1513,Nisha,Chennai,Laptop,40096,2024-06-21
1514,Nisha,Erode,Printer,32546,2024-07-17
1515,Riya,Madurai,Tablet,23642,2024-01-13
1516,Riya,Trichy,Mouse,26430,2024-09-11
1517,Kaviya,Trichy,Headset,26971,2024-03-20
1518,Arjun,Trichy,Mobile,23844,2024-10-27
1519,Arjun,Trichy,Laptop,49274,2024-10-11
1520,Arjun,Chennai,Printer,3447,2024-06-02
1521,Riya,Trichy,Headset,40960,2024-03-03
1522,Riya,Madurai,Mobile,6840,2024-07-05
1523,Nisha,Madurai,Printer,7052,2024-08-01
1524,Nisha,Madurai,Mobile,49970,2024-04-09
1525,Arjun,Chennai,Mobile,32826,2024-12-09
1526,Nisha,Chennai,Tablet,21976,2024-10-08
1527,Priya,Erode,Tablet,24992,2024-09-10
1528,Arjun,Madurai,Tablet,36727,2024-06-21
1529,Kaviya,Chennai,Mouse,12721,2024-07-11
1530,Nisha,Erode,Printer,12775,2024-11-18
1531,Nisha,Madurai,Headset,25126,2024-01-06
1532,Nisha,Trichy,Laptop,5021,2024-05-23
1533,Riya,Trichy,Printer,30610,2024-05-28
1534,Rahul,Trichy,Laptop,32004,2024-03-23
1535,Rahul,Madurai,Headset,31557,2024-12-13
1536,Arjun,Chennai,Laptop,11354,2024-04-09
1537,Priya,Erode,Headset,7480,2024-07-24
1538,Riya,Trichy,Printer,26508,2024-10-08
1539,Priya,Madurai,Tablet,12169,2024-02-12
1540,Riya,Madurai,Tablet,40289,2024-10-17
1541,Riya,Madurai,Mouse,13907,2024-04-07
1542,Arjun,Madurai,Printer,12888,2024-10-05
1543,Rahul,Chennai,Mobile,33467,2024-07-10
1544,Kaviya,Erode,Headset,49506,2024-08-13
1545,Arjun,Erode,Printer,36070,2024-08-15
1546,Arjun,Trichy,Headset,28652,2024-02-04
1547,Riya,Chennai,Tablet,39968,2024-08-06
1548,Kaviya,Trichy,Printer,44959,2024-05-12
1549,Arjun,Trichy,Mobile,35780,2024-02-06
1550,Arjun,Trichy,Mouse,30120,2024-11-09
1551,Riya,Chennai,Tablet,15231,2024-09-08
1552,Nisha,Erode,Printer,2546,2024-10-19
1553,Nisha,Erode,Printer,30648,2024-02-23
1554,Arjun,Trichy,Tablet,32721,2024-09-23
1555,Nisha,Erode,Printer,14557,2024-01-01
1556,Kaviya,Erode,Printer,6735,2024-03-16
1557,Kaviya,Trichy,Mouse,48013,2024-12-10
1558,Kaviya,Trichy,Headset,19929,2024-03-02
1559,Kaviya,Chennai,Mobile,21408,2024-05-11
1560,Nisha,Trichy,Laptop,34647,2024-09-05
1561,Priya,Erode,Mouse,18602,2024-09-21
1562,Arjun,Madurai,Laptop,9074,2024-04-23
1563,Nisha,Madurai,Printer,37587,2024-01-18
1564,Priya,Erode,Printer,5829,2024-08-04
1565,Kaviya,Madurai,Laptop,30757,2024-05-14
1566,Priya,Madurai,Laptop,15905,2024-12-12
1567,Rahul,Trichy,Tablet,29768,2024-02-07
1568,Kaviya,Chennai,Printer,22396,2024-05-05
1569,Rahul,Chennai,Mouse,20768,2024-11-03
1570,Riya,Madurai,Mouse,17216,2024-10-01
1571,Nisha,Chennai,Headset,28327,2024-10-03
1572,Kaviya,Chennai,Printer,48599,2024-10-24
1573,Nisha,Trichy,Laptop,28911,2024-12-07
1574,Rahul,Trichy,Tablet,6424,2024-02-03
1575,Kaviya,Trichy,Mobile,46812,2024-05-25
1576,Nisha,Madurai,Printer,30745,2024-07-02
1577,Kaviya,Madurai,Printer,22336,2024-01-25
1578,Kaviya,Chennai,Laptop,36663,2024-11-12
1579,Arjun,Chennai,Mouse,18251,2024-11-21
1580,Priya,Madurai,Mobile,30107,2024-02-20
1581,Nisha,Erode,Mobile,31278,2024-03-25
1582,Arjun,Chennai,Laptop,24601,2024-12-14
1583,Riya,Madurai,Printer,21543,2024-11-22
1584,Riya,Madurai,Headset,19395,2024-12-04
1585,Riya,Madurai,Mobile,8954,2024-08-13
1586,Arjun,Madurai,Tablet,49549,2024-11-07
1587,Nisha,Erode,Laptop,35454,2024-09-01
1588,Arjun,Madurai,Tablet,3368,2024-08-12
1589,Priya,Madurai,Mobile,46614,2024-02-06
1590,Priya,Erode,Mouse,19277,2024-07-16
1591,Priya,Madurai,Headset,27500,2024-10-18
1592,Arjun,Trichy,Tablet,7505,2024-08-19
1593,Riya,Trichy,Mobile,12388,2024-06-16
1594,Arjun,Chennai,Headset,15886,2024-03-17
1595,Rahul,Madurai,Printer,29471,2024-03-10
1596,Kaviya,Trichy,Headset,24796,2024-05-28
1597,Rahul,Madurai,Mobile,47610,2024-11-12
1598,Rahul,Erode,Tablet,25138,2024-02-01
1599,Arjun,Trichy,Headset,44106,2024-07-16
1600,Rahul,Erode,Tablet,40758,2024-05-07
1601,Arjun,Trichy,Tablet,25015,2024-01-07
1602,Kaviya,Erode,Mouse,48014,2024-04-09
1603,Riya,Erode,Printer,6430,2024-03-08
1604,Priya,Erode,Mouse,34394,2024-09-08
1605,Rahul,Trichy,Mobile,46648,2024-01-17
1606,Arjun,Madurai,Printer,9520,2024-07-06
1607,Kaviya,Erode,Printer,35268,2024-11-18
1608,Riya,Chennai,Printer,29614,2024-03-07
1609,Arjun,Erode,Mouse,24671,2024-03-17
1610,Rahul,Madurai,Mobile,45871,2024-04-04
1611,Riya,Chennai,Printer,5012,2024-02-07
1612,Priya,Chennai,Mouse,42755,2024-07-08
1613,Rahul,Trichy,Tablet,29615,2024-10-26
1614,Riya,Madurai,Mouse,26552,2024-04-15
1615,Priya,Chennai,Headset,41965,2024-03-17
1616,Riya,Madurai,Headset,45073,2024-06-11
1617,Kaviya,Erode,Laptop,46628,2024-01-19
1618,Rahul,Trichy,Printer,9476,2024-11-10
1619,Rahul,Trichy,Tablet,47728,2024-08-20
1620,Rahul,Trichy,Mobile,41419,2024-03-01
1621,Nisha,Madurai,Printer,26459,2024-12-05
1622,Riya,Erode,Printer,29878,2024-08-11
1623,Rahul,Erode,Tablet,21605,2024-06-22
1624,Riya,Madurai,Laptop,13410,2024-01-25
1625,Rahul,Madurai,Mobile,22043,2024-02-16
1626,Rahul,Erode,Laptop,30194,2024-04-24
1627,Riya,Erode,Headset,9015,2024-03-12
1628,Rahul,Chennai,Printer,19579,2024-10-18
1629,Kaviya,Madurai,Laptop,1493,2024-06-20
1630,Arjun,Trichy,Headset,25090,2024-07-06
1631,Riya,Erode,Tablet,25726,2024-01-05
1632,Arjun,Trichy,Printer,47962,2024-08-11
1633,Riya,Madurai,Headset,15762,2024-03-25
1634,Priya,Chennai,Printer,10166,2024-09-17
1635,Riya,Erode,Headset,29926,2024-09-04
1636,Nisha,Trichy,Headset,39572,2024-03-13
1637,Arjun,Erode,Laptop,1073,2024-01-06
1638,Arjun,Erode,Printer,30637,2024-06-04
1639,Kaviya,Erode,Mouse,16486,2024-07-12
1640,Nisha,Trichy,Laptop,9140,2024-11-16
1641,Kaviya,Trichy,Mouse,7101,2024-03-09
1642,Kaviya,Chennai,Mouse,39644,2024-02-05
1643,Riya,Erode,Headset,1951,2024-03-18
1644,Priya,Chennai,Headset,38847,2024-11-01
1645,Riya,Trichy,Mouse,4081,2024-12-03
1646,Arjun,Madurai,Tablet,18819,2024-07-05
1647,Rahul,Madurai,Laptop,16776,2024-04-09
1648,Rahul,Trichy,Laptop,49296,2024-10-17
1649,Nisha,Erode,Printer,39650,2024-05-19
1650,Rahul,Madurai,Tablet,9214,2024-06-16
1651,Riya,Chennai,Tablet,37991,2024-12-14
1652,Kaviya,Madurai,Headset,4266,2024-07-20
1653,Priya,Erode,Tablet,49550,2024-07-16
1654,Rahul,Chennai,Laptop,7169,2024-11-01
1655,Kaviya,Trichy,Printer,30905,2024-11-09
1656,Rahul,Madurai,Headset,16473,2024-07-09
1657,Riya,Erode,Printer,3403,2024-05-19
1658,Riya,Erode,Printer,33978,2024-08-11
1659,Kaviya,Erode,Mouse,34539,2024-03-19
1660,Kaviya,Madurai,Printer,16131,2024-09-18
1661,Kaviya,Madurai,Laptop,17534,2024-08-10
1662,Rahul,Trichy,Tablet,34337,2024-03-26
1663,Rahul,Trichy,Laptop,20455,2024-12-02
1664,Kaviya,Trichy,Mobile,5823,2024-01-06
1665,Kaviya,Chennai,Mobile,19605,2024-07-09
1666,Priya,Chennai,Mouse,38417,2024-09-25
1667,Nisha,Madurai,Headset,21117,2024-08-17
1668,Riya,Madurai,Headset,42495,2024-12-27
1669,Nisha,Erode,Mobile,32068,2024-04-22
1670,Priya,Trichy,Printer,25214,2024-11-20
1671,Kaviya,Chennai,Tablet,27517,2024-07-16
1672,Riya,Erode,Mouse,9351,2024-12-08
1673,Rahul,Chennai,Tablet,27644,2024-12-17
1674,Kaviya,Trichy,Laptop,26487,2024-04-19
1675,Nisha,Chennai,Headset,42475,2024-06-28
1676,Rahul,Chennai,Printer,49723,2024-10-02
1677,Priya,Erode,Tablet,8357,2024-01-26
1678,Arjun,Madurai,Mobile,3162,2024-01-23
1679,Kaviya,Chennai,Mobile,43690,2024-07-07
1680,Rahul,Erode,Tablet,2460,2024-05-08
1681,Priya,Trichy,Headset,12616,2024-09-10
1682,Arjun,Trichy,Headset,20152,2024-10-28
1683,Riya,Chennai,Mobile,4147,2024-02-27
1684,Nisha,Erode,Mouse,21563,2024-01-13
1685,Rahul,Trichy,Mobile,21477,2024-03-03
1686,Arjun,Erode,Laptop,42409,2024-06-25
1687,Riya,Trichy,Mobile,19349,2024-10-19
1688,Kaviya,Chennai,Laptop,32073,2024-10-07
1689,Priya,Erode,Mobile,6617,2024-02-25
1690,Arjun,Trichy,Mouse,28982,2024-10-28
1691,Nisha,Trichy,Headset,2172,2024-01-24
1692,Riya,Erode,Laptop,45049,2024-10-05
1693,Nisha,Erode,Laptop,48191,2024-05-28
1694,Arjun,Erode,Headset,6484,2024-07-06
1695,Kaviya,Madurai,Tablet,28379,2024-03-08
1696,Kaviya,Erode,Printer,8918,2024-11-05
1697,Rahul,Trichy,Headset,16811,2024-05-02
1698,Nisha,Trichy,Tablet,19995,2024-04-05
1699,Priya,Trichy,Tablet,44636,2024-03-08
1700,Rahul,Erode,Printer,7172,2024-01-20
1701,Priya,Chennai,Mouse,14061,2024-10-15
1702,Riya,Chennai,Tablet,28535,2024-02-26
1703,Arjun,Chennai,Laptop,26691,2024-11-28
1704,Nisha,Madurai,Mouse,45118,2024-04-27
1705,Riya,Erode,Laptop,15620,2024-07-10
1706,Nisha,Trichy,Mouse,43711,2024-02-04
1707,Arjun,Chennai,Laptop,34928,2024-12-18
1708,Riya,Madurai,Mobile,13813,2024-08-12
1709,Nisha,Trichy,Mobile,25640,2024-07-03
1710,Kaviya,Madurai,Mobile,18270,2024-09-06
1711,Priya,Madurai,Mouse,41777,2024-03-27
1712,Riya,Erode,Printer,1969,2024-01-10
1713,Rahul,Erode,Headset,49751,2024-01-10
1714,Nisha,Erode,Mobile,20556,2024-12-24
1715,Priya,Madurai,Mobile,2376,2024-06-18
1716,Nisha,Erode,Laptop,2237,2024-04-18
1717,Priya,Trichy,Laptop,12252,2024-03-01
1718,Arjun,Erode,Laptop,45408,2024-09-04
1719,Rahul,Trichy,Headset,12750,2024-10-06
1720,Rahul,Madurai,Tablet,23315,2024-06-28
1721,Nisha,Chennai,Printer,11946,2024-08-15
1722,Kaviya,Trichy,Mobile,4509,2024-02-12
1723,Kaviya,Erode,Tablet,32715,2024-07-27
1724,Rahul,Chennai,Mobile,46819,2024-05-23
1725,Rahul,Madurai,Mouse,38351,2024-12-03
1726,Riya,Erode,Mouse,37618,2024-06-19
1727,Priya,Chennai,Mouse,21544,2024-09-09
1728,Nisha,Trichy,Printer,25258,2024-04-26
1729,Nisha,Madurai,Printer,30214,2024-05-10
1730,Riya,Madurai,Headset,8067,2024-04-14
1731,Nisha,Erode,Printer,23113,2024-01-01
1732,Priya,Chennai,Mobile,34368,2024-11-14
1733,Priya,Chennai,Headset,49773,2024-07-09
1734,Priya,Chennai,Tablet,32929,2024-11-06
1735,Nisha,Chennai,Printer,37572,2024-12-12
1736,Kaviya,Trichy,Laptop,36076,2024-03-15
1737,Kaviya,Chennai,Mouse,30096,2024-11-28
1738,Nisha,Trichy,Printer,33301,2024-03-12
1739,Kaviya,Madurai,Printer,31604,2024-02-08
1740,Riya,Erode,Headset,30272,2024-08-05
1741,Kaviya,Erode,Printer,33417,2024-03-20
1742,Priya,Trichy,Tablet,7421,2024-03-08
1743,Riya,Chennai,Mouse,21276,2024-05-11
1744,Riya,Madurai,Printer,27016,2024-09-08
1745,Rahul,Chennai,Mouse,47487,2024-07-19
1746,Arjun,Madurai,Mouse,8476,2024-01-19
1747,Riya,Trichy,Printer,48823,2024-05-09
1748,Riya,Erode,Mobile,35886,2024-09-27
1749,Nisha,Chennai,Tablet,32828,2024-07-02
1750,Rahul,Trichy,Tablet,1900,2024-08-19
1751,Riya,Chennai,Headset,46365,2024-10-28
1752,Riya,Trichy,Mobile,37836,2024-05-17
1753,Nisha,Trichy,Mobile,16069,2024-07-24
1754,Nisha,Madurai,Mobile,1358,2024-05-08
1755,Rahul,Madurai,Laptop,7831,2024-08-26
1756,Rahul,Trichy,Mouse,47297,2024-09-20
1757,Arjun,Erode,Tablet,41338,2024-05-14
1758,Arjun,Madurai,Printer,6408,2024-08-02
1759,Riya,Erode,Laptop,40407,2024-11-11
1760,Rahul,Erode,Headset,25382,2024-12-02
1761,Arjun,Chennai,Laptop,46606,2024-01-05
1762,Priya,Erode,Mouse,44831,2024-10-15
1763,Rahul,Erode,Headset,47126,2024-06-10
1764,Rahul,Erode,Laptop,20798,2024-07-26
1765,Riya,Chennai,Laptop,33519,2024-07-25
1766,Kaviya,Erode,Headset,15342,2024-12-14
1767,Arjun,Erode,Laptop,40508,2024-05-04
1768,Riya,Erode,Laptop,31340,2024-03-23
1769,Riya,Madurai,Tablet,18496,2024-03-09
1770,Nisha,Trichy,Printer,30183,2024-03-09
1771,Priya,Chennai,Mouse,41472,2024-05-20
1772,Priya,Chennai,Tablet,4739,2024-11-16
1773,Priya,Erode,Mouse,21050,2024-11-03
1774,Arjun,Trichy,Tablet,21592,2024-02-28
1775,Priya,Trichy,Mobile,30761,2024-10-20
1776,Riya,Erode,Mouse,12738,2024-10-06
1777,Arjun,Erode,Laptop,30915,2024-08-25
1778,Nisha,Madurai,Headset,25449,2024-10-10
1779,Arjun,Trichy,Tablet,5374,2024-05-05
1780,Riya,Erode,Mouse,23042,2024-05-25
1781,Nisha,Trichy,Laptop,11973,2024-02-28
1782,Priya,Erode,Mouse,48617,2024-11-04
1783,Nisha,Erode,Laptop,25988,2024-05-21
1784,Nisha,Madurai,Laptop,9007,2024-02-08
1785,Rahul,Chennai,Laptop,7771,2024-09-03
1786,Kaviya,Trichy,Tablet,10663,2024-05-24
1787,Nisha,Erode,Mobile,11900,2024-04-02
1788,Nisha,Chennai,Mobile,27457,2024-11-15
1789,Rahul,Erode,Laptop,39832,2024-10-28
1790,Kaviya,Trichy,Printer,22802,2024-09-21
1791,Nisha,Trichy,Mobile,29493,2024-12-28
1792,Riya,Trichy,Laptop,22452,2024-11-08
1793,Rahul,Chennai,Printer,2172,2024-04-20
1794,Rahul,Chennai,Mobile,31539,2024-10-06
1795,Arjun,Erode,Mobile,47546,2024-06-28
1796,Kaviya,Trichy,Printer,13156,2024-07-22
1797,Priya,Madurai,Printer,35118,2024-01-28
1798,Riya,Chennai,Headset,20646,2024-02-23
1799,Nisha,Chennai,Laptop,31750,2024-02-13
1800,Priya,Trichy,Mouse,49042,2024-05-18
1801,Arjun,Erode,Tablet,33074,2024-05-22
1802,Kaviya,Chennai,Printer,37903,2024-09-09
1803,Nisha,Chennai,Tablet,31155,2024-10-21
1804,Priya,Trichy,Laptop,13155,2024-01-25
1805,Rahul,Trichy,Mobile,24892,2024-03-23
1806,Arjun,Erode,Mobile,29889,2024-11-25
1807,Nisha,Erode,Headset,39119,2024-02-09
1808,Priya,Madurai,Mobile,44519,2024-09-18
1809,Riya,Madurai,Tablet,5413,2024-12-14
1810,Priya,Erode,Tablet,26724,2024-04-24
1811,Rahul,Erode,Tablet,16305,2024-06-01
1812,Rahul,Chennai,Tablet,5452,2024-09-28
1813,Arjun,Chennai,Headset,3912,2024-07-05
1814,Arjun,Chennai,Laptop,43100,2024-07-26
1815,Arjun,Trichy,Laptop,41080,2024-06-19
1816,Kaviya,Chennai,Printer,33815,2024-04-01
1817,Arjun,Madurai,Printer,33212,2024-11-20
1818,Rahul,Chennai,Laptop,13122,2024-03-27
1819,Riya,Trichy,Mobile,31464,2024-11-15
1820,Rahul,Erode,Printer,20286,2024-03-22
1821,Priya,Erode,Tablet,19110,2024-04-26
1822,Rahul,Erode,Mobile,3995,2024-02-12
1823,Arjun,Madurai,Tablet,36446,2024-04-07
1824,Rahul,Madurai,Headset,46348,2024-10-02
1825,Riya,Erode,Tablet,7251,2024-12-13
1826,Priya,Chennai,Printer,10253,2024-05-01
1827,Riya,Trichy,Laptop,39148,2024-03-19
1828,Arjun,Erode,Mobile,15921,2024-05-14
1829,Kaviya,Madurai,Tablet,15444,2024-11-02
1830,Riya,Chennai,Mouse,14551,2024-01-01
1831,Kaviya,Trichy,Printer,38666,2024-02-03
1832,Priya,Chennai,Headset,43631,2024-05-10
1833,Kaviya,Madurai,Mouse,45748,2024-09-24
1834,Riya,Trichy,Mobile,31978,2024-07-08
1835,Riya,Erode,Printer,17068,2024-10-10
1836,Kaviya,Erode,Mobile,35815,2024-10-24
1837,Arjun,Trichy,Printer,31382,2024-03-21
1838,Kaviya,Erode,Mobile,13773,2024-09-19
1839,Priya,Erode,Mobile,23523,2024-07-03
1840,Nisha,Trichy,Mobile,28410,2024-10-19
1841,Arjun,Chennai,Tablet,18288,2024-08-09
1842,Arjun,Chennai,Headset,27934,2024-12-10
1843,Riya,Erode,Tablet,32359,2024-10-02
1844,Priya,Erode,Laptop,18207,2024-09-13
1845,Riya,Chennai,Mobile,31677,2024-05-26
1846,Arjun,Erode,Laptop,2217,2024-12-27
1847,Kaviya,Trichy,Tablet,47414,2024-08-28
1848,Kaviya,Erode,Mobile,7458,2024-08-05
1849,Arjun,Chennai,Laptop,4827,2024-09-24
1850,Nisha,Trichy,Headset,7664,2024-01-16
1851,Nisha,Trichy,Printer,17159,2024-12-03
1852,Rahul,Erode,Headset,26033,2024-09-19
1853,Priya,Erode,Laptop,41684,2024-04-18
1854,Kaviya,Madurai,Headset,27105,2024-04-07
1855,Priya,Erode,Mouse,13648,2024-05-23
1856,Riya,Trichy,Mouse,47416,2024-09-02
1857,Riya,Madurai,Printer,26942,2024-07-04
1858,Kaviya,Trichy,Printer,44524,2024-06-18
1859,Riya,Chennai,Printer,6925,2024-07-10
1860,Priya,Chennai,Headset,7656,2024-11-19
1861,Rahul,Erode,Tablet,20249,2024-03-06
1862,Priya,Erode,Laptop,26816,2024-10-13
1863,Riya,Chennai,Mouse,37690,2024-09-16
1864,Riya,Madurai,Printer,34780,2024-03-04
1865,Priya,Trichy,Mobile,19024,2024-09-04
1866,Arjun,Chennai,Headset,48318,2024-02-17
1867,Rahul,Chennai,Mobile,31980,2024-10-05
1868,Nisha,Madurai,Laptop,38977,2024-02-24
1869,Kaviya,Madurai,Laptop,19092,2024-05-04
1870,Priya,Trichy,Printer,23982,2024-01-18
1871,Kaviya,Chennai,Mouse,32863,2024-08-05
1872,Arjun,Erode,Tablet,13550,2024-02-28
1873,Rahul,Chennai,Laptop,28533,2024-05-18
1874,Kaviya,Madurai,Laptop,33890,2024-04-14
1875,Riya,Chennai,Mouse,6707,2024-07-19
1876,Nisha,Trichy,Tablet,29291,2024-01-22
1877,Rahul,Madurai,Headset,39458,2024-03-27
1878,Rahul,Trichy,Headset,33998,2024-08-23
1879,Arjun,Chennai,Tablet,2436,2024-05-18
1880,Priya,Erode,Tablet,28972,2024-10-12
1881,Rahul,Madurai,Mobile,20067,2024-12-18
1882,Arjun,Chennai,Printer,1646,2024-07-10
1883,Kaviya,Trichy,Headset,13177,2024-07-28
1884,Arjun,Chennai,Headset,37494,2024-05-04
1885,Nisha,Madurai,Laptop,24745,2024-04-16
1886,Nisha,Erode,Headset,9127,2024-07-03
1887,Arjun,Chennai,Printer,17609,2024-12-18
1888,Nisha,Trichy,Tablet,33491,2024-01-03
1889,Arjun,Trichy,Mouse,16394,2024-05-19
1890,Nisha,Erode,Mouse,37762,2024-11-11
1891,Nisha,Erode,Laptop,28864,2024-05-07
1892,Priya,Madurai,Headset,22288,2024-01-19
1893,Kaviya,Madurai,Tablet,28460,2024-01-23
1894,Riya,Chennai,Printer,9768,2024-01-13
1895,Rahul,Erode,Headset,6359,2024-01-21
1896,Kaviya,Madurai,Laptop,11334,2024-03-17
1897,Kaviya,Trichy,Laptop,34475,2024-01-25
1898,Rahul,Erode,Tablet,29499,2024-12-10
1899,Rahul,Madurai,Tablet,38148,2024-01-11
1900,Nisha,Erode,Tablet,35029,2024-06-27
1901,Nisha,Erode,Mobile,46190,2024-09-28
1902,Kaviya,Erode,Tablet,15442,2024-05-03
1903,Kaviya,Madurai,Headset,14782,2024-07-25
1904,Rahul,Erode,Tablet,9111,2024-12-27
1905,Rahul,Trichy,Printer,20877,2024-02-26
1906,Rahul,Erode,Mobile,26900,2024-04-25
1907,Nisha,Erode,Mouse,1196,2024-07-21
1908,Riya,Chennai,Tablet,21576,2024-02-20
1909,Arjun,Chennai,Headset,1639,2024-10-10
1910,Priya,Madurai,Tablet,8020,2024-12-01
1911,Nisha,Chennai,Mouse,9121,2024-09-12
1912,Nisha,Chennai,Mouse,38483,2024-12-17
1913,Riya,Madurai,Tablet,46413,2024-10-04
1914,Arjun,Chennai,Headset,21257,2024-01-21
1915,Kaviya,Trichy,Mouse,45090,2024-09-02
1916,Kaviya,Madurai,Mobile,16831,2024-01-19
1917,Nisha,Trichy,Printer,23790,2024-06-20
1918,Arjun,Chennai,Laptop,39264,2024-01-25
1919,Rahul,Madurai,Tablet,12952,2024-02-20
1920,Kaviya,Madurai,Laptop,28174,2024-09-23
1921,Riya,Trichy,Mobile,44134,2024-04-14
1922,Arjun,Trichy,Mouse,12455,2024-09-09
1923,Nisha,Erode,Printer,11616,2024-04-22
1924,Priya,Trichy,Mouse,3421,2024-02-10
1925,Rahul,Erode,Mobile,20951,2024-09-09
1926,Priya,Erode,Headset,9811,2024-01-09
1927,Priya,Madurai,Laptop,34304,2024-12-11
1928,Rahul,Erode,Tablet,32787,2024-06-13
1929,Riya,Madurai,Printer,43955,2024-09-19
1930,Nisha,Madurai,Tablet,15897,2024-07-16
1931,Nisha,Trichy,Mobile,14815,2024-05-25
1932,Riya,Trichy,Headset,1809,2024-07-27
1933,Nisha,Madurai,Headset,18971,2024-05-03
1934,Priya,Madurai,Mobile,44446,2024-07-10
1935,Arjun,Madurai,Headset,8408,2024-12-11
1936,Kaviya,Madurai,Mobile,36928,2024-09-12
1937,Arjun,Erode,Tablet,9732,2024-06-20
1938,Arjun,Chennai,Mobile,24874,2024-02-04
1939,Rahul,Erode,Headset,41662,2024-12-08
1940,Rahul,Trichy,Headset,30701,2024-06-23
1941,Kaviya,Trichy,Printer,28076,2024-01-04
1942,Nisha,Trichy,Mouse,39997,2024-09-25
1943,Kaviya,Erode,Laptop,45046,2024-08-12
1944,Priya,Trichy,Headset,40150,2024-05-25
1945,Riya,Chennai,Headset,8417,2024-12-12
1946,Rahul,Erode,Mobile,42892,2024-12-02
1947,Rahul,Chennai,Tablet,43109,2024-04-18
1948,Priya,Chennai,Mouse,28406,2024-03-01
1949,Priya,Erode,Mouse,15177,2024-02-06
1950,Priya,Trichy,Mouse,45130,2024-02-02
1951,Riya,Erode,Tablet,6723,2024-01-17
1952,Arjun,Erode,Printer,38304,2024-07-07
1953,Arjun,Erode,Mobile,49053,2024-05-04
1954,Riya,Madurai,Mouse,44236,2024-02-18
1955,Arjun,Chennai,Mouse,30866,2024-08-23
1956,Rahul,Chennai,Headset,25417,2024-11-15
1957,Nisha,Chennai,Printer,32442,2024-01-28
1958,Kaviya,Erode,Tablet,24922,2024-03-16
1959,Nisha,Madurai,Headset,29355,2024-04-10
1960,Arjun,Chennai,Mobile,22370,2024-06-21
1961,Nisha,Chennai,Headset,14608,2024-06-04
1962,Priya,Chennai,Tablet,46469,2024-01-25
1963,Nisha,Madurai,Laptop,39057,2024-09-02
1964,Nisha,Trichy,Printer,48819,2024-06-23
1965,Priya,Trichy,Mouse,26208,2024-10-03
1966,Kaviya,Erode,Printer,15080,2024-12-27
1967,Kaviya,Erode,Mouse,33981,2024-10-05
1968,Kaviya,Trichy,Tablet,40118,2024-10-05
1969,Arjun,Trichy,Printer,36129,2024-07-26
1970,Priya,Madurai,Mouse,14545,2024-10-18
1971,Kaviya,Erode,Tablet,5599,2024-05-09
1972,Kaviya,Madurai,Printer,11972,2024-05-08
1973,Riya,Trichy,Headset,37145,2024-11-18
1974,Rahul,Madurai,Laptop,47653,2024-12-11
1975,Priya,Chennai,Mouse,8745,2024-06-10
1976,Riya,Madurai,Tablet,39371,2024-02-23
1977,Kaviya,Madurai,Tablet,5073,2024-01-11
1978,Nisha,Trichy,Tablet,18529,2024-03-09
1979,Rahul,Madurai,Printer,34277,2024-01-16
1980,Nisha,Chennai,Headset,11512,2024-12-17
1981,Rahul,Chennai,Tablet,28897,2024-10-21
1982,Rahul,Trichy,Laptop,37832,2024-08-06
1983,Riya,Chennai,Mobile,49811,2024-08-11
1984,Rahul,Chennai,Headset,31766,2024-11-23
1985,Priya,Madurai,Tablet,26423,2024-11-27
1986,Riya,Trichy,Tablet,39987,2024-09-04
1987,Kaviya,Erode,Mobile,18664,2024-05-21
1988,Riya,Erode,Mouse,30739,2024-02-06
1989,Priya,Chennai,Tablet,37394,2024-11-22
1990,Priya,Chennai,Headset,19822,2024-02-15
1991,Riya,Trichy,Tablet,19916,2024-06-25
1992,Nisha,Trichy,Tablet,21851,2024-07-17
1993,Nisha,Madurai,Headset,42943,2024-09-19
1994,Arjun,Chennai,Tablet,27650,2024-12-06
1995,Arjun,Madurai,Mouse,6383,2024-09-01
1996,Rahul,Chennai,Mouse,43608,2024-04-18
1997,Kaviya,Chennai,Printer,49278,2024-10-21
1998,Rahul,Madurai,Tablet,17850,2024-06-20
1999,Kaviya,Erode,Headset,49927,2024-09-04
2000,Riya,Madurai,Laptop,48665,2024-12-12
